country,iso3,isoYear,postponed1,postponedDate1,positionOriginalDate,heldDate,postponedDate2,specialVoting,mobileBallot,earlyVoting,pollingStation,postalVoting,proxyVoting,postponed2,heldMonth,werePostponed,heldYear,heldMonthYear,postponedMonthYear,postponedMonthYear2,postponedYear,held2020,heldAtAll,electoralViolation,stringencyPostponed,posponedDay,posponedDay2,posponedDayMonth,posponedDayMonth2,heldDay,sameDate,heldDayMonth,heldDayMonthISO,type,typeGrouped,continent,demIndex,demIndexCat,demIndexScaleX,demIndexScaleY,turnout_reg_votes,turnout_prev_el,mandatoryVoting,turnoutDiffOld,turnoutDiff,incumbentWon,note,stringency_index,gdpCapita,hdi,date,day,month,dayMonth,year,turnoutCat,heldDateParsed,postponedDateParsed1,postponedDateParsed2,postponedDays1,postponedDays2,specialVotingExists,heldMonthYearDate,postponedMonthYearDate,heldDiff,turnoutStrigency,d,d1,id,position
Kiribati,KIR,KIR2020parliamentary,April,07.Apr.20,1,21.Apr.20,,,,,,,,,April,yes,2020,April 2020,April 2020,,2020,yes,yes,,,7,,07.Apr,,21,,21_April,21_April_KIR_2020,parliamentary,parliamentary,Asia-Pacific,,unclassified,3,11,76,68,,8,8,no,,,,,,,,,,increase,2020-04-20T22:00Z,2020-04-06T22:00Z,,14,,no,2020-03-31T22:00Z,2020-03-31T22:00Z,0,unknown,"M23.6,31.2c-7.5-0.6-15-0.5-22.5,0.4c1-10.3,2-20.5,0.4-30.2c7.1-0.2,14.2,0,21.2,0.6C23.3,11.8,23.1,21.5,23.6,31.2z M14.3,11.3c2.1-0.2,4.1-0.2,6.2,0 M15,23.2l6-0.4 M4.8,11.6l2,2.7c1.3-2.7,3.6-4.9,6.4-6",,1,1
North Macedonia,MKD,MKD2020parliamentary,April,12.Apr.20,2,15.Jul.20,,"early voting, mobile ballot box",yes,yes,,,,,July,yes,2020,July 2020,April 2020,,2020,yes,yes,some,,12,,12.Apr,,15,,15_July,15_July_MKD_2020,parliamentary,parliamentary,Europe,5.89,hybrid regime,10,11,52,67,,-15,-15,no,,,13111.214,0.774,15.07.20,15,July,15_July,2020,decrease,2020-07-14T22:00Z,2020-04-11T22:00Z,,94,,yes,2020-06-30T22:00Z,2020-03-31T22:00Z,7862400000,notstrigent_lower_same,"M23.8,30.5c-7.1,1-14.3,1-21.4-0.1C1.2,20.8,1,11,1.9,1.3c7.7,0.1,15.4,0.2,23,0.6C24.6,11.6,24,21.3,23.8,30.5z M15.6,10.9c1.7-0.2,3.3-0.2,5,0 M16,21.2c1.8,0.2,3.5,0.2,5.3,0 M5.2,9.7c0.3,0.9,0.7,1.8,1.2,2.6c0.1,0.2,0.2,0.3,0.4,0.3s0.4-0.2,0.5-0.4c0.4-1.1,1-2.1,1.5-3.1c0.6-1,1.6-1.7,2.7-1.9",,1,1
Syria,SYR,SYR2020parliamentary,April,13.Apr.20,3,19.Jul.20,,,,,,,,,July,yes,2020,July 2020,April 2020,,2020,yes,yes,,87.04,13,,13.Apr,,19,,19_July,19_July_SYR_2020,parliamentary,parliamentary,Middle East,1.43,authoritarian regime,10,1,33,58,,-25,-25,yes,,69.44,,0.567,19.07.20,19,July,19_July,2020,decrease,2020-07-18T22:00Z,2020-04-12T22:00Z,,97,,no,2020-06-30T22:00Z,2020-03-31T22:00Z,7862400000,strigent_lower_same,"M23.4,30.4L1.7,29.8C1,20.3,1,10.7,1.6,1.2c7,0.5,14.1,0.8,21,1.3C22.8,11.9,23,21.2,23.4,30.4z M12.8,11.5l6.8-0.1 M13.4,22.5c2.2-0.4,4.4-0.5,6.7-0.3 M5.3,10.2c0.9,1.1,1.7,2.3,2.4,3.5c0.6-2.4,1.9-4.5,3.8-6.1",,2,2
Iran,IRN,IRN2020parliamentarySecond,April,17.Apr.20,4,11.Sep.20,,,,,,,,,September,yes,2020,September 2020,April 2020,,2020,yes,yes,some,60.19,17,,17.Apr,,11,,11_September,11_September_IRN_2020,parliamentary,parliamentary,Middle East,2.2,authoritarian regime,12,1,,60,,,,yes,second round,60.19,19082.62,0.783,11.09.20,11,September,11_September,2020,unknown,2020-09-10T22:00Z,2020-04-16T22:00Z,,147,,no,2020-08-31T22:00Z,2020-03-31T22:00Z,13219200000,strigent_lower_same,"M21.1,30.8C14.6,31.1,8,31,1.5,30.6C1.2,20.7,1.3,11,1.6,1.4c6.9-0.1,13.8-0.2,20.4,0C23.4,10.3,23,19.5,21.1,30.8z M13.9,10.1c1.8-0.2,3.7-0.3,5.6-0.2 M13.9,20.1l5.7-0.3 M4.8,9.2l1.4,1.9c0.1,0.2,0.2,0.3,0.4,0.4c0.4,0.1,0.8-0.2,1-0.6C8.8,9.5,10,8.2,11.4,7",,1,1
Russia,RUS,RUS2020referendum,April,22.Apr.20,5,01.Jul.20,,"early voting, mobile ballot box",yes,yes,,,,,July,yes,2020,July 2020,April 2020,,2020,yes,yes,major,85.19,22,,22.Apr,,1,,1_July,1_July_RUS_2020,referendum,referendum,Europe,3.31,authoritarian regime,9,1,68,,,,,,,68.98,24765.954,0.824,01.07.20,1,July,1_July,2020,unknown,2020-06-30T22:00Z,2020-04-21T22:00Z,,70,,yes,2020-06-30T22:00Z,2020-03-31T22:00Z,7862400000,strigent_lower_same,"M21.7,31c-6.4-0.6-12.9-0.6-19.3,0C1.4,21.2,1,11.3,1.2,1.5c7.1-0.4,14.3,0,21.4,1c0.6,4.9,0.9,9.8,0.8,14.7C23.2,21.8,22.7,26.5,21.7,31z M13.8,11.5l6.4-0.1 M14.1,20.4l6.8-0.1 M4.2,10.8L6.4,13c0.3-1.2,0.8-2.3,1.5-3.3c0.6-1,1.7-1.8,2.8-2.1",,3,3
Sri Lanka,LKA,LKA2020parliamentary,April,25.Apr.20,6,05.Aug.20,,"early voting, polling station arrangement",,yes,yes,,,,August,yes,2020,August 2020,April 2020,,2020,yes,yes,major,79.63,25,,25.Apr,,5,,5_August,5_August_LKA_2020,parliamentary,parliamentary,Asia-Pacific,6.14,democracy,3,1,76,78,,-2,-2,yes,,41.67,11669.077,0.782,05.08.20,5,August,5_August,2020,decrease,2020-08-04T22:00Z,2020-04-24T22:00Z,,102,,yes,2020-07-31T22:00Z,2020-03-31T22:00Z,10540800000,notstrigent_lower_same,"M20.8,30.7c-6.3,0.8-12.7,0.9-19,0.4c-0.9-5.3-0.7-11-0.5-16.6C1.5,9.9,1.6,5.3,1.8,1.2c7,0.4,13.9,0.4,20.5,0.2C23.8,11.2,23.3,21.2,20.8,30.7z M14.8,11.3c1.7-0.4,3.4-0.5,5.1-0.3 M14.8,21.8l4.9,0.1 M5.2,10.4l2.7,2c0.4-1.5,1.3-2.8,2.5-3.7",,1,1
Serbia,SRB,SRB2020parliamentary,April,26.Apr.20,7,21.Jun.20,,,,,,,,,June,yes,2020,June 2020,April 2020,,2020,yes,yes,major,96.3,26,,26.Apr,,21,,21_June,21_June_SRB_2020,parliamentary,parliamentary,Europe,6.22,democracy,2,1,49,56,,-7,-7,yes,,27.78,14048.881,0.806,21.06.20,21,June,21_June,2020,decrease,2020-06-20T22:00Z,2020-04-25T22:00Z,,56,,no,2020-05-31T22:00Z,2020-03-31T22:00Z,5270400000,notstrigent_lower_same,"M23,30.9L1.8,30.5c-0.5-10-0.5-19.8-0.1-29.2c7-0.4,13.9-0.1,20.8,0.8C23.1,11.8,23.2,21.5,23,30.9z M13.7,11.1l6,0.3 M14.2,21c2-0.1,4,0,6,0.2 M4.3,10.5L6.4,12c0.2,0.1,0.4,0.2,0.6,0.2s0.3-0.1,0.5-0.3c1.5-1.4,2.7-3,3.6-4.9",,1,1
Chile,CHL,CHL2020referendum,April,26.Apr.20,8,25.Oct.20,,,,,,,,,October,yes,2020,October 2020,April 2020,,2020,yes,yes,,73.15,26,,26.Apr,,25,,25_October,25_October_CHL_2020,referendum,referendum,Americas,8.28,democracy,1,1,51,,,,,,https://www.servel.cl/padron-electoral-definitivo-para-este-plebiscito-nacional-2020/,81.94,22767.037,0.851,25.10.20,25,October,25_October,2020,unknown,2020-10-24T22:00Z,2020-04-25T22:00Z,,182,,no,2020-09-30T22:00Z,2020-03-31T22:00Z,15811200000,strigent_lower_same,"M22.1,29.8c-6.5,0.8-13.1,1-19.6,0.6C1,20.9,0.8,11.3,1.7,1.8c7.1-0.9,14.2-0.6,21.2,0.9C23.4,11.7,23.1,20.8,22.1,29.8z M14.2,12c1.9,0.1,3.7,0,5.5-0.5 M14.5,21.6l5.5-0.4 M4.4,11.2c1.1,1,2.1,2.3,2.8,3.6c0.3-2.7,1.7-5.1,4-6.6",,2,2
Armenia,ARM,ARM2020referendum,April,05.Apr.20,, ,,,,,,,,,,yes,,,April 2020,,2020,no,no,,,5,,05.Apr,,,,,,referendum,referendum,Europe,5.35,hybrid regime,8,11,,,,,,,,,,,,,,,,unknown,,2020-04-04T22:00Z,,-18356,,no,,2020-03-31T22:00Z,-1.59E+12,unknown,"M23.5,31.2c-7.2,0.5-14.4,0.5-21.6,0C1.4,21,1.1,11.1,1.4,1.3C8.3,1.4,15.2,1.6,22,2.2C23.3,11.8,23.4,21.6,23.5,31.2z M12.9,10.8c1.9-0.4,3.9-0.5,5.8-0.4 M14.4,22.3c2.2,0.2,4.4,0.3,6.5,0.1 M3.9,10l1.2,1.9c0.1,0.2,0.3,0.4,0.6,0.5c0.4,0.1,0.8-0.4,1-0.8c0.9-1.8,2.3-3.4,4-4.5",,3,3
Haiti,HTI,HTI2020referendum,April,25.Apr.20,,,27.Jun.20,,,,,,,June,,yes,,,April 2020,Jun.20,2020,no,no,,89.81,25,27,25.Apr,27.Jun,,,,,referendum,referendum,Americas,4.22,hybrid regime,9,11,,,,,,,,,,,,,,,,unknown,,2020-04-24T22:00Z,2020-06-26T22:00Z,-18376,63,no,,2020-03-31T22:00Z,-1.59E+12,unknown,"M23.6,31.2c-7.5-0.6-15-0.5-22.5,0.4c1-10.3,2-20.5,0.4-30.2c7.1-0.2,14.2,0,21.2,0.6C23.3,11.8,23.1,21.5,23.6,31.2z M14.3,11.3c2.1-0.2,4.1-0.2,6.2,0 M15,23.2l6-0.4 M4.8,11.6l2,2.7c1.3-2.7,3.6-4.9,6.4-6",,1,4
Ethiopia,ETH,ETH2021parliamentary,August,29.Aug.20,1,21.Jun.21,,,,,,,,,June,yes,2021,June 2021,August 2020,,2020,no,yes,some,80.56,29,,29.Aug,,21,,21_June,21_June_ETH_2021,parliamentary,parliamentary,Africa,3.38,authoritarian regime,11,1,,,,,,yes,,43.52,1729.927,0.485,21.06.21,21,June,21_June,2021,unknown,2021-06-20T22:00Z,2020-08-28T22:00Z,,296,,no,2021-05-31T22:00Z,2020-07-31T22:00Z,26265600000,notstrigent_lower_same,"M21.9,30.7C15.1,31,8.2,31,1.4,30.6C1.3,20.7,1.5,10.9,1.6,1.2c7.2,0.1,14.3,0.3,21.3,0.7C22.9,11.5,22.6,21,21.9,30.7z M13.5,11.9c2.2-0.6,4.4-0.8,6.7-0.6 M13.5,21.5l6.5,0.8 M4.4,10.6c0.9,0.8,1.5,1.9,1.8,3c1.5-2.2,3.4-4.1,5.5-5.7",,1,1
Chad,TCD,TCD2020parliamentary,December,13.Dec.20,, ,,,,,,,,,,yes,,,December 2020,,2020,no,no,some,70.37,13,,13.Dec,,,,,,parliamentary,parliamentary,Africa,1.55,authoritarian regime,8,1,,,,,,,,,,,,,,,,unknown,,2020-12-12T23:00Z,,-18608,,no,,2020-11-30T23:00Z,-1.61E+12,unknown,"M21.3,30.8L1.6,30.9C1,21,1,11.1,1.8,1.2c7.3,0.4,14.7,0.5,21.6,0.5C23.1,11.2,22.4,20.7,21.3,30.8z M12.8,9.9h5.6 M13,21.4l6-0.5 M4.1,9.4c1,0.7,1.7,1.7,2.1,2.9c0.2-2.2,1.6-4.1,3.7-4.8",,2,8
Guernsey,GGY,GGY2020parliamentary,June,01.Jun.20,1,07.Oct.20,,,,,,,,,October,yes,2020,October 2020,June 2020,,2020,yes,yes,,,,,June,,7,,7_October,7_October_GGY_2020,parliamentary,parliamentary,Europe,,unclassified,2,11,,,,,,no,,,,,,,,,,unknown,2020-10-06T22:00Z,2020-05-31T22:00Z,,128,,no,2020-09-30T22:00Z,2020-05-31T22:00Z,10540800000,unknown,"M21.9,31.1c-6.7-0.5-13.4-0.5-20.2-0.3C2.3,21.1,2,11.3,1,1.6c7.3-0.2,14.5-0.4,21.8-0.3C21.9,11.2,21.6,21.2,21.9,31.1z M13.5,12.3c2.1-0.3,4.3-0.4,6.4-0.2 M13.1,22c2.3,0.3,4.6,0.3,6.9-0.2 M4.5,10.9c0.9,1,1.7,2.2,2.4,3.3C7.2,12,8.3,10,10.1,8.6",,1,1
Iraq,IRQ,IRQ2021parliamentary,June,01.Jun.21,1,10.Oct.21,,,,,,,,,October,yes,2021,October 2021,June 2021,,2021,,yes,,,,,,,10,,10_October,10_October_IRQ_2021,parliamentary,parliamentary,Middle East,3.62,authoritarian regime,8,2,41,45,,,-4,no,,,,,,,,,,decrease,2021-10-09T22:00Z,2021-05-31T22:00Z,,131,,no,2021-09-30T22:00Z,2021-05-31T22:00Z,10540800000,unknown,"M23.5,32.2c-7-2.1-14.4-2.6-21.6-1.6C1.8,20.8,1.5,10.9,1.6,1.4c7.5,0,15,0,22.5,0.7C24,12.5,23.9,22.8,23.5,32.2z M12.6,9.4l7.7-0.1 M13.4,19.5c2,0.3,4.1,0.3,6.1,0 M4.4,9c1.1,1,2.1,2.3,2.8,3.6c0.3-2.7,1.7-5.1,4-6.6",,3,1
Italy,ITA,ITA2020referendum,March,29.Mar.20,1,20.Sep.20,,mobile ballot box,yes,,,,,,September,yes,2020,September 2020,March 2020,,2020,yes,yes,,91.67,29,,29.Mar,,20,,20_September,20_September_ITA_2020,referendum,referendum,Europe,7.74,democracy,4,1,51,,,,,,,66.67,35220.084,0.892,20.09.20,20,September,20_September,2020,unknown,2020-09-19T22:00Z,2020-03-28T23:00Z,,175,,yes,2020-08-31T22:00Z,2020-02-29T23:00Z,15894000000,strigent_lower_same,"M23.2,30.6c-7.1-1.6-14.5-1.4-21.6,0.3c0.9-9.8,0.8-19.7-0.4-29.5c7.5,0.7,15,0.8,22.5,0.8C23.4,12.1,23,21.9,23.2,30.6z M14.4,12.1l5.7-0.1 M13.9,21.5c2.1,0.3,4.3,0.3,6.4,0.1 M6.1,11.1c0.9,0.9,1.5,2,1.8,3.3c1.1-2.2,2.4-4.6,4.6-5.8",,3,3
Bolivia,BOL,BOL2020both,May,03.May.20,1,18.Oct.20,06.Sep.20,,,,,,,September,October,yes,2020,October 2020,May 2020,Sep.20,2020,yes,yes,,81.48,3,6,03.May,06.Sep,18,,18_October,18_October_BOL_2020,presedential,both,Americas,5.08,hybrid regime,11,11,88,88,yes,0,0,yes,interim pres,81.48,6885.829,0.718,18.10.20,18,October,18_October,2020,same,2020-10-17T22:00Z,2020-05-02T22:00Z,2020-09-05T22:00Z,168,126,no,2020-09-30T22:00Z,2020-04-30T22:00Z,13219200000,strigent_lower_same,"M19.8,26.9c-5-1.2-10-2.4-15-3.6c2-7.3,4-14.7,5.8-21.9c5,1.2,10.1,2.1,15.2,2.9C23.9,11.7,21.6,19,19.8,26.9z","M23.3,27.9c-5.7,1.3-11.3,2.5-17,3.8c-2-8.3-3.6-16.2-4.9-23.5C7.1,6,13.2,4.9,18.8,5.4C20.1,12.9,21.4,20.6,23.3,27.9z M5.7,12c0.4,0.7,1,1.4,1.8,1.9c0.9-1.5,1.9-2.9,2.8-4.4 M12.9,11.6c1.2-0.2,2.4-0.4,3.6-0.7 M14.8,21.5c1.1-0.4,2.3-0.7,3.4-1.2",12,4
Poland,POL,POL2020presedential,May,10.May.20,2,12.Jul.20,28.Jun.20,"postal voting, proxy voting",,,,yes,yes,June,July,yes,2020,July 2020,May 2020,Jun.20,2020,yes,yes,some,83.33,10,28,10.May,28.Jun,12,,12_July,12_July_POL_2020,presedential,presedential,Europe,6.85,democracy,1,2,68,55,,13,13,yes,,39.81,27216.445,0.88,12.07.20,12,July,12_July,2020,increase,2020-07-11T22:00Z,2020-05-09T22:00Z,2020-06-27T22:00Z,63,49,yes,2020-06-30T22:00Z,2020-04-30T22:00Z,5270400000,notstrigent_higher,"M21.6,31.1L2.2,30.9c-0.4-10-0.7-20-1-29.5c7-0.3,14,0,20.9,0.8C22.2,12.1,21.9,22,21.6,31.1z M12.9,11.1l6.6-0.5 M13.1,23.2l6.5-0.4 M4.6,10.2c0.9,1,1.7,2.1,2.4,3.2c0.9-2.7,2.4-5.2,4.5-7.2",,4,4
Dominican Republic,DOM,DOM2020both,May,17.May.20,3,05.Jul.20,,,,,,,,,July,yes,2020,July 2020,May 2020,,2020,yes,yes,,100,17,,17.May,,5,,5_July,5_July_DOM_2020,parliamentary,both,Americas,6.32,democracy,5,1,55,67,,-12,-13.5,no,,75,14600.861,0.756,05.07.20,5,July,5_July,2020,decrease,2020-07-04T22:00Z,2020-05-16T22:00Z,,49,,no,2020-06-30T22:00Z,2020-04-30T22:00Z,5270400000,strigent_lower_same,"M23.5,31.1c-5.3-1-10.5-2.7-15.4-4.9c1.2-8.4,3-16.7,5-24.4c5.4,0.8,10.8,2.4,15.9,5C26.9,15,24.9,23.1,23.5,31.1z","M21.4,29.7c-5.5,0.1-11.1,0.7-16.6,1.6C4.1,23.2,3.1,15,1.9,7.3c5.3-0.9,10.7-1.7,16.2-2.5C19.7,13.2,20.8,21.7,21.4,29.7z M11.4,14.1c1.6-0.1,3.2-0.4,4.8-0.8 M13.6,24.2c1.5-0.4,3.1-0.7,4.7-0.8 M5.4,13.7c0.7,1,1.3,2,2,2.9c0.3-2.2,1-4.3,2.1-6.1",7,5
Switzerland,CHE,CHE2020referendum,May,17.May.20,4,27.Sep.20,,"postal voting, proxy voting, mobile ballot box",yes,,,yes,yes,,September,yes,2020,September 2020,May 2020,,2020,yes,yes,,43.06,17,,17.May,,27,,27_September,27_September_CHE_2020,referendum,referendum,Europe,8.83,democracy,2,2,59,,,,,,,43.06,57410.166,0.955,27.09.20,27,September,27_September,2020,unknown,2020-09-26T22:00Z,2020-05-16T22:00Z,,133,,yes,2020-08-31T22:00Z,2020-04-30T22:00Z,10627200000,notstrigent_lower_same,"M20.7,30.5c-6.5,0.3-13.1,0.2-19.6-0.4c0.7-9.6,0.8-19.2,0.1-28.7c7.2,0,14.5,0.4,21.6,1.4C22,12.1,21.2,21.3,20.7,30.5z M12.8,12.4l6-0.2 M13,21c1.8-0.3,3.7-0.3,5.5,0.1 M4.1,11.7c1.2,0.4,2.1,1.4,2.5,2.6c-0.2-1.2-0.1-2.4,0.2-3.6c0.3-1.2,1.3-2.1,2.6-2.2",,2,2
Somalia,SOM,SOM2020parliamentary,November,27.Nov.20,, ,,,,,,,,,,yes,,,November 2020,,2020,no,no,major,36.11,27,,27.Nov,,,,,,parliamentary,parliamentary,Africa,,unclassified,1,11,,,,,,,,,,,,,,,,unknown,,2020-11-26T23:00Z,,-18592,,no,,2020-10-31T23:00Z,-1.60E+12,unknown,"M21.2,31.6c-6.8-0.4-13.7-0.5-20.6,0C1.3,21,1.3,11,1.1,1.1c7.1,0.1,14.3,0.1,21.4,0.5C21.9,11.7,21.3,21.8,21.2,31.6z M13.7,11.1l6,0.3 M14.2,21c2-0.1,4,0,6,0.2 M4.3,10.5L6.4,12c0.2,0.1,0.4,0.2,0.6,0.2s0.3-0.1,0.5-0.3c1.5-1.4,2.7-3,3.6-4.9",,4,10
Liberia,LBR,LBR2020referendum,October,13.Oct.20,1,08.Dec.20,,,,,,,,,December,yes,2020,December 2020,October 2020,,2020,yes,yes,some,57.41,13,,13.Oct,,8,,8_December,8_December_LBR_2020,referendum,referendum,Africa,5.32,hybrid regime,12,11,,,,,,,,61.11,752.788,0.48,08.12.20,8,December,8_December,2020,unknown,2020-12-07T23:00Z,2020-10-12T22:00Z,,57,,no,2020-11-30T23:00Z,2020-09-30T22:00Z,5274000000,strigent_lower_same,"M21.9,31.7L1.7,30.9c0.1-10,0-19.9-0.6-29.7C8.6,2.1,16,2.4,23.5,2.2C22.2,12,21.7,21.9,21.9,31.7z M13.8,11.9c1.9-0.1,3.7-0.1,5.6,0.1 M13.3,24.4l6.7-0.1 M5.3,10.9l1.4,1.5c0.1,0.1,0.2,0.2,0.3,0.2s0.2-0.1,0.3-0.2c0.5-0.9,0.9-1.9,1.4-2.7C9.2,8.8,10,8.1,11,7.8",,1,1
Argentina,ARG,ARG2021parliamentary,October,24.Oct.21,1,14.Nov.21,,,,,,,,,November,yes,2021,November 2021,October 2021,,2021,,yes,,,,,,,14,,14_November,14_November_ARG_2021,parliamentary,parliamentary,Americas,6.95,democracy,4,2,71,81,,,-10,no,,,,,,,,,,decrease,2021-11-13T23:00Z,2021-10-23T22:00Z,,22,,no,2021-10-31T23:00Z,2021-09-30T22:00Z,2682000000,unknown,"M21.9,30.7C15.1,31,8.2,31,1.4,30.6C1.3,20.7,1.5,10.9,1.6,1.2c7.2,0.1,14.3,0.3,21.3,0.7C22.9,11.5,22.6,21,21.9,30.7z M13.5,11.9c2.2-0.6,4.4-0.8,6.7-0.6 M4.4,10.6c0.9,0.8,1.5,1.9,1.8,3c1.5-2.2,3.4-4.1,5.5-5.7 M14.5,21.5c1.8-0.2,3.7-0.3,5.6-0.2",,1,1
New Zealand,NZL,NZL2020parliamentary,September,19.Sep.20,1,17.Oct.20,,early voting,,yes,,,,,October,yes,2020,October 2020,September 2020,,2020,yes,yes,,34.72,19,,19.Sep,,17,,17_October,17_October_NZL_2020,parliamentary,parliamentary,Asia-Pacific,9.25,democracy,3,2,82,79,,3,3,yes,,22.22,36085.843,0.931,17.10.20,17,October,17_October,2020,increase,2020-10-16T22:00Z,2020-09-18T22:00Z,,28,,yes,2020-09-30T22:00Z,2020-08-31T22:00Z,2592000000,notstrigent_higher,"M22.5,31.5C15.8,31.8,9,31.6,2.3,30.9C1.6,21.1,1.3,11.2,1.5,1.4c6.8,0,13.6,0.1,20.6,0.3c0.6,3.9,0.9,7.8,0.7,11.7C22.8,19.6,22.8,25.9,22.5,31.5z M13.2,10.2c2.1,0,4.2,0.1,6.4,0.2 M14,23.6l6.9-0.1 M5.1,8.6c0.3,1.2,0.7,2.3,1.2,3.4c1-2.5,2.8-4.5,5.1-5.7",,3,3
South Korea,KOR,KOR2020parliamentary,,,,,,"early voting, postal voting, mobile ballot box, polling station arrangement",yes,yes,yes,yes,,,April,no,2020,April 2020,,,,yes,yes,,,,,,,15,,15_April,15_April_KOR_2020,parliamentary,parliamentary,Asia-Pacific,8.01,democracy,4,6,66,58,,8,8,no,,82.41,35938.374,0.916,15.04.20,15,April,15_April,2020,increase,,,,,,yes,2020-03-31T22:00Z,,1.59E+12,stringent_higher,"M21.7,28.1L1.8,28.5C2.1,19.2,2,10,1.4,1.2c7,0.4,14,0.5,20.8,0.6C22,10.5,21.8,19.2,21.7,28.1z M13.2,11c1.9-0.1,3.8-0.2,5.6-0.4 M13.4,19.4c1.9,0,3.7-0.1,5.5-0.2 M5.7,10.1c0.4,0.2,0.7,0.5,1,0.8c0.2,0.4,0.6,0.6,1.1,0.6c0.5,0,0.8-0.5,1-0.9l2.3-4",,2,2
Chad,TCD,TCD2020presedential,,,,,,,,,,,,,April,no,2021,April 2021,,,,,yes,,,,,,,11,,11_April,11_April_TCD_2021,presedential,presedential,Africa,1.55,authoritarian regime,9,6,65,65,,0,0,yes,,13.89,1768.153,0.398,11.04.21,11,April,11_April,2021,same,,,,,,no,2021-03-31T22:00Z,,1.62E+12,notstrigent_lower_same,"M22.6,30.1c-7.1-1.3-14.3-1.6-21.4-1c0.1-9.3,0.1-18.6,0.3-27.8C8.7,1.4,16,1.4,23.2,1.7C23.1,11.3,22.6,20.9,22.6,30.1z M13.7,11.3c2.1-0.3,4.3-0.5,6.5-0.4 M13.3,19.2c2.3,0.5,4.6,0.6,6.9,0.3 M4.8,8.5c0.3,1.5,0.8,2.9,1.5,4.3C7.4,10.5,9,8.5,11,6.9",,3,3
Albania,ALB,ALB2021parliamentary,,,,,,,,,,,,,April,no,2021,April 2021,,,,,yes,,,,,,,25,,25_April,25_April_ALB_2021,parliamentary,parliamentary,Europe,6.08,democracy,1,9,46,46,,0,0,yes,,54.63,11803.431,0.795,25.04.21,25,April,25_April,2021,same,,,,,,no,2021-03-31T22:00Z,,1.62E+12,strigent_lower_same,"M21.8,29L1.7,29.3C1.1,20,1.4,10.7,2.6,1.4C9.4,1.1,16.3,1.3,23.1,2c0.4,6.4,0.4,12.9,0,19.3C23,23.9,22.6,26.5,21.8,29z M14.4,9.4L19,9.3 M14.1,20.9c1.9,0.3,3.7,0.2,5.6-0.1 M5.7,7.2C6.6,8.4,7.2,9.6,7.6,11c0.1-2,1-3.8,2.5-5",,1,1
Bulgaria,BGR,BGR2021parliamentary,,,,,,,,,,,,,April,no,2021,April 2021,,,,,yes,,,,,,,4,,4_April,4_April_BGR_2021,parliamentary,parliamentary,Europe,6.71,democracy,5,2,49,54,,-5,-5,no,no party was able to form a coalition,53.7,18563.307,0.816,04.04.21,4,April,4_April,2021,decrease,,,,,,no,2021-03-31T22:00Z,,1.62E+12,strigent_lower_same,"M21.2,31.6c-6.8-0.4-13.7-0.5-20.6,0C1.3,21,1.3,11,1.1,1.1c7.1,0.1,14.3,0.1,21.4,0.5C21.9,11.7,21.3,21.8,21.2,31.6z M13.7,11.1l6,0.3 M14.2,21c2-0.1,4,0,6,0.2 M4.3,10.5L6.4,12c0.2,0.1,0.4,0.2,0.6,0.2s0.3-0.1,0.5-0.3c1.5-1.4,2.7-3,3.6-4.9",,2,2
Ecuador,ECU,ECU2021presedentialSecond,,,,,,,,,,,,,April,no,2021,April 2021,,,,,yes,,,,,,,11,,11_April,11_April_ECU_2021,presedential,presedential,Americas,6.13,democracy,3,3,84,82,yes,2,2,doesnt apply,second round,65.28,10581.936,0.759,11.04.21,11,April,11_April,2021,increase,,,,,,no,2021-03-31T22:00Z,,1.62E+12,stringent_higher,"M23.6,31.2c-7.5-0.6-15-0.5-22.5,0.4c1-10.3,2-20.5,0.4-30.2c7.1-0.2,14.2,0,21.2,0.6C23.3,11.8,23.1,21.5,23.6,31.2z M14.3,11.3c2.1-0.2,4.1-0.2,6.2,0 M15,23.2l6-0.4 M4.8,11.6l2,2.7c1.3-2.7,3.6-4.9,6.4-6",,4,4
Peru,PER,PER2021both,,,,,,,,,,,,,April,no,2021,April 2021,,,,,yes,,,,,,,11,,11_April,11_April_PER_2021,parliamentary,both,Americas,6.53,democracy,5,5,70,74,yes,-4,-4,no,,80.56,12236.706,0.777,11.04.21,11,April,11_April,2021,decrease,,,,,,no,2021-03-31T22:00Z,,1.62E+12,strigent_lower_same,"M22.9,29.9c-7-0.3-13.9-1.7-20.5-4C3.5,17.2,5.3,9,7.2,1.2C13.3,2.1,19.4,3,25.5,4.2C25.7,13,24.7,21.8,22.9,29.9z","M22.2,31.3c-6.5,0.1-12.9,0.2-19.4,0.3C1.9,23,1.4,14.9,1.3,7.1C7.5,6.2,13.7,6,19.9,6.8C20.2,14.9,20.6,22.9,22.2,31.3z M4.5,12.4c0.7,1.2,1.4,2.4,2.1,3.7c0.9-2.2,1.7-4.4,3.2-6 M12.5,12.8c1.3,0.2,2.6,0.3,3.9,0.5 M13.3,23.5c1.4-0.2,2.9-0.3,4.3-0.3",6,6
Kyrgyzstan,KGZ,KGZ2021referendum,,,,,,,,,,,,,April,no,2021,April 2021,,,,,yes,,,,,,,11,,11_April,11_April_KGZ_2021,referendum,referendum,Asia-Pacific,,unclassified,2,12,,,,,,,,58.33,3393.474,0.697,11.04.21,11,April,11_April,2021,unknown,,,,,,no,2021-03-31T22:00Z,,1.62E+12,strigent_lower_same,"M24.2,31.8c-7.6-0.9-15.3-1.1-23-0.5C2.5,21.2,2.5,11.1,1.2,1c7.3,0.9,14.6,1,21.9,0.3C22.3,11.5,22.7,21.7,24.2,31.8z M12.9,12l6.5,0.1 M13.3,23.2c2.3-0.3,4.6-0.5,6.9-0.5 M5.6,10.3c1.4,1,2.5,2.4,3.2,4c-0.2-1.7,0-3.5,0.7-5.1c0.5-1.4,1.7-2.5,3.1-3",,5,5
Belarus,BLR,BLR2020presedential,,,,,,"early voting, mobile ballot box",yes,yes,,,,,August,no,2020,August 2020,,,,yes,yes,major,,,,,,9,,9_August,9_August_BLR_2020,presedential,presedential,Asia-Pacific,2.59,authoritarian regime,10,2,84,87,,-3,-3,yes,,31.48,17167.967,0.823,09.08.20,9,August,9_August,2020,decrease,,,,,,yes,2020-07-31T22:00Z,,1.60E+12,notstrigent_lower_same,"M24.1,31.7c-7.5-1.2-15.2-1.2-22.8,0C1,21.6,1.2,11.4,1.9,1.3c7.8,1.5,15.8,1.9,23.7,1.4C25,12.4,24.3,22.2,24.1,31.7z M16.3,10.8c1.4-0.2,2.8-0.3,4.2-0.1 M16,23.1c1.5,0.4,3.1,0.5,4.7,0.2 M5.8,9.4l1.9,2.1c0.1,0.1,0.1,0.1,0.2,0.2c0.2,0,0.3-0.2,0.3-0.4c0.5-1.7,1.8-3.1,3.4-3.9",,2,2
Trinidad and Tobago,TTO,TTO2020parliamentary,,,,,,early voting,,yes,,,,,August,no,2020,August 2020,,,,yes,yes,,,,,,,10,,10_August,10_August_TTO_2020,parliamentary,parliamentary,Americas,7.16,democracy,2,7,58,67,,-9,-9,yes,,60.19,28763.071,0.796,10.08.20,10,August,10_August,2020,decrease,,,,,,yes,2020-07-31T22:00Z,,1.60E+12,strigent_lower_same,"M25.8,30.9l-23.1,0c-0.4-10.1-0.9-20-1.3-29.6c8,0.3,16,0.5,23.8,1.3C24.8,12.1,25,21.5,25.8,30.9z M15.2,10.3c2.1-0.3,4.3-0.4,6.4-0.2 M15,21.1c2.3,0.3,4.6,0.3,6.9-0.2 M5.8,9.7c0.9,1,1.7,2.2,2.4,3.3c0.3-2.2,1.4-4.2,3.2-5.6",,4,4
Montenegro,MNE,MNE2020parliamentary,,,,,,mobile ballot box,yes,,,,,,August,no,2020,August 2020,,,,yes,yes,,,,,,,30,,30_August,30_August_MNE_2020,parliamentary,parliamentary,Asia-Pacific,5.77,hybrid regime,8,14,77,73,,4,4,no,,,16409.288,0.829,30.08.20,30,August,30_August,2020,increase,,,,,,yes,2020-07-31T22:00Z,,1.60E+12,notstrigent_higher,"M23.4,30.4L1.7,29.8C1,20.3,1,10.7,1.6,1.2c7,0.5,14.1,0.8,21,1.3C22.8,11.9,23,21.2,23.4,30.4z M12.8,11.5l6.8-0.1 M13.4,22.5c2.2-0.4,4.4-0.5,6.7-0.3 M5.3,10.2c0.9,1.1,1.7,2.3,2.4,3.5c0.6-2.4,1.9-4.5,3.8-6.1",,3,3
Mexico,MEX,MEX2021referendum,,,,,,,,,,,,,August,no,2021,August 2021,,,,,yes,,,,,,,1,,1_August,1_August_MEX_2021,referendum,referendum,Americas,6.07,hybrid regime,9,15,7,,,,,doesnt apply,,67.13,17336.469,0.779,01.08.21,1,August,1_August,2021,unknown,,,,,,no,2021-07-31T22:00Z,,1.63E+12,strigent_lower_same,"M22.3,31.3C15.8,30.1,9.2,30,2.7,30.9C2.3,21,2,11.4,1.5,2.2c7.8-1,15.7-0.9,23.5,0.3C24,12,23.1,21.6,22.3,31.3z M12.7,11.4l6.6-0.5 M12.7,20.7l6.7,0.1 M5,9.7c0.9,1.1,1.7,2.3,2.4,3.5c0.6-2.4,1.9-4.5,3.8-6.1",,1,1
Zambia,ZMB,ZMB2021both,,,,,,,,,,,,,August,no,2021,August 2021,,,,,yes,,,,,,,12,,12_August,12_August_ZMB_2021,both,both,Africa,4.86,hybrid regime,10,15,70,56,,,,no,,50.93,3689.251,0.584,12.08.21,12,August,12_August,2021,unknown,,,,,,no,2021-07-31T22:00Z,,1.63E+12,strigent_lower_same,"M24.9,31.4c-6.4-1.5-13-2.3-19.7-2.5c1-9.2,1.7-18.4,2.3-27.6c6.1,1,12.2,1.6,18.3,2.2C25.2,12.7,24.5,22,24.9,31.4z","M24.8,31.3c-6.7,1.3-13.5,2.2-20.3,2.6c-2.2-8.3-3.3-16.5-3-24.6C8,8.2,14.6,7.4,21,6.9C21.3,15.2,22.3,23.4,24.8,31.3z M5.4,14.8c0.5,0.8,1,1.5,1.6,2.3c0.1,0.2,0.4,0.5,0.6,0.4c0.1,0,0.2-0.2,0.3-0.3c1.3-1.8,2.6-3.5,3.8-5.3 M13.7,14.8c1.5-0.2,3-0.3,4.5-0.5 M15.7,25c1.3-0.6,2.8-0.9,4.2-0.8",2,2
CAR,CAF,CAF2020presedential,,,,,,,,,,,,,December,no,2020,December 2020,,,,yes,yes,,,,,,,27,,27_December,27_December_CAF_2020,presedential,presedential,Africa,1.32,authoritarian regime,8,3,76,59,,17,17,yes,,16.67,661.24,0.397,27.12.20,27,December,27_December,2020,increase,,,,,,no,2020-11-30T23:00Z,,1.61E+12,notstrigent_higher,"M22.6,32.8c-7,0-14.1-0.4-21.1-1c-0.5-10-0.2-20,0.7-29.9c6.9-0.8,13.9-0.8,20.9-0.1C23.8,12.1,23.7,22.5,22.6,32.8z M15.1,12.4c1.8-0.3,3.6-0.4,5.4-0.4 M14.5,22.4h5.8 M5.2,9.8l2,4.2c0.7-2.4,2-4.6,3.8-6.3",,2,2
Kuwait,KWT,KWT2020parliamentary,,,,,,polling station arrangement,,,yes,,,,December,no,2020,December 2020,,,,yes,yes,some,,,,,,5,,5_December,5_December_KWT_2020,parliamentary,parliamentary,Asia-Pacific,3.8,authoritarian regime,11,4,60,70,,-10,-10,no,,71.3,65530.537,0.806,05.12.20,5,December,5_December,2020,decrease,,,,,,yes,2020-11-30T23:00Z,,1.61E+12,strigent_lower_same,"M21.2,31.6c-6.8-0.4-13.7-0.5-20.6,0C1.3,21,1.3,11,1.1,1.1c7.1,0.1,14.3,0.1,21.4,0.5C21.9,11.7,21.3,21.8,21.2,31.6z M13.7,11.1l6,0.3 M14.2,21c2-0.1,4,0,6,0.2 M4.3,10.5L6.4,12c0.2,0.1,0.4,0.2,0.6,0.2s0.3-0.1,0.5-0.3c1.5-1.4,2.7-3,3.6-4.9",,3,3
Venezuela,VEN,VEN2020parliamentary,,,,,,,,,,,,,December,no,2020,December 2020,,,,yes,yes,major,,,,,,6,,6_December,6_December_VEN_2020,parliamentary,parliamentary,Americas,2.76,authoritarian regime,12,5,,,,,,yes,,84.26,16745.022,0.711,06.12.20,6,December,6_December,2020,unknown,,,,,,no,2020-11-30T23:00Z,,1.61E+12,strigent_lower_same,"M22.9,30.4c-6.7-0.3-13.4-0.3-20.1,0c-1.3-9.6-1.6-19.3-0.9-29c6.9-0.2,13.8,0,20.6,0.6C23,11.6,23.1,21.1,22.9,30.4z M14,8.9l5.7,0.2 M14,22.3l5.6-0.1 M5.2,9.4l1.7,2c0.1,0.1,0.2,0.2,0.3,0.3c0.3,0.1,0.6-0.3,0.7-0.6c1-1.9,2.5-3.6,4.3-4.8",,5,5
Ghana,GHA,GHA2020both,,,,,,early voting,,yes,,,,,December,no,2020,December 2020,,,,yes,yes,,,,,,,7,,7_December,7_December_GHA_2020,parliamentary,both,Africa,6.5,democracy,5,3,79,67,,12,11,yes,hung parliament,38.89,4227.63,0.611,07.12.20,7,December,7_December,2020,increase,,,,,,yes,2020-11-30T23:00Z,,1.61E+12,notstrigent_higher,"M23.3,28.1c-5.5,0.7-11.1,0.1-16.3-1.6c1-8.7,2.3-17,4-25c5.7-0.3,11.4,0.2,17,2.5C27.4,11.9,26.3,19.7,23.3,28.1z","M22.2,30.6c-6.3,1-12.7,1.8-19.1,2.3C1.6,24,1,15.1,1.4,6.2C7.3,5.6,13.1,5.1,19,4.9C19.8,13.4,20.5,21.9,22.2,30.6z M4.4,11.7c0.6,0.6,1.2,1.2,1.8,1.8c0.4-1.5,1.1-2.8,2-4 M11.6,11.4c1.1-0.4,2.3-0.6,3.6-0.6 M13.3,22.6c1.2-0.4,2.4-0.5,3.6-0.4",6,6
Romania,ROU,ROU2020parliamentary,,,,,,mobile ballot box,yes,,,,,,December,no,2020,December 2020,,,,yes,yes,,,,,,,6,,6_December,6_December_ROU_2020,parliamentary,parliamentary,Europe,6.4,democracy,2,6,32,38,,-6,-6,no,,76.85,23313.199,0.828,06.12.20,6,December,6_December,2020,decrease,,,,,,yes,2020-11-30T23:00Z,,1.61E+12,strigent_lower_same,"M22.7,28.3L2.3,29.1C2.2,19.6,1.9,10.3,1.2,1.1c6.7,0,13.4,0.4,20,1.1C21,10.9,21.5,19.7,22.7,28.3z M12.8,11.4l6.3-0.6 M13.1,19.8c2.1,0.1,4.3,0,6.4-0.4 M5.8,9.1l2.5,3.7c1.2-2.3,2.7-4.5,4.4-6.6",,4,4
Niger,NER,NER2020both,,,,,,,,,,,,,December,no,2020,December 2020,,,,yes,yes,some,,,,,,13,,13_December,13_December_NER_2020,presedential,both,Africa,4.1,hybrid regime,9,14,70,60,,10,10,yes,,24.07,926,0.394,13.12.20,13,December,13_December,2020,increase,,,,,,no,2020-11-30T23:00Z,,1.61E+12,notstrigent_higher,"M27,26.6c-6.1,0.1-12.1-0.1-18.2-0.6C8,17.4,8.3,9.3,9.4,1.5c5.5-0.1,10.9,0.3,16.2,1.8C26.1,10.9,26.5,18.4,27,26.6z","M25.3,28.6c-6.2,0.6-12.3,1.9-18.2,3.8C4.8,24.1,2.8,16.2,1.3,8.2C7.1,7.5,12.8,6.3,18.7,5C20.6,12.9,22.6,20.7,25.3,28.6z M5.3,12.8c0.9,0.8,1.9,1.6,2.8,2.3c0.5-1.5,1.1-2.9,1.8-4.3 M12.5,13c1.1-0.2,2.2-0.5,3.3-0.7 M15.5,22c1-0.5,2.1-0.9,3.2-1.1",7,7
Laos,LAO,LAO2021parliamentary,,,,,,,,,,,,,February,no,2021,February 2021,,,,,yes,,,,,,,21,,21_February,21_February_LAO_2021,parliamentary,parliamentary,Asia-Pacific,1.77,authoritarian regime,12,4,98,98,,0,0,yes,,16.67,6397.36,0.613,21.02.21,21,February,21_February,2021,same,,,,,,no,2021-01-31T23:00Z,,1.61E+12,notstrigent_lower_same,"M21.2,31.6c-6.8-0.4-13.7-0.5-20.6,0C1.3,21,1.3,11,1.1,1.1c7.1,0.1,14.3,0.1,21.4,0.5C21.9,11.7,21.3,21.8,21.2,31.6z M13.1,11.6c1.9-0.3,3.9-0.4,5.8-0.2 M12.7,22l6.5-0.1 M4.6,11.3c1,0.7,1.7,1.9,2,3.1c0.8-2.2,1.9-4.2,3.2-6.1c0.3-0.6,0.9-1.1,1.6-1.3",,2,2
Ecuador,ECU,ECU2021both,,,,,,,,,,,,,February,no,2021,February 2021,,,,,yes,,,,,,,7,,7_February,7_February_ECU_2021,parliamentary,both,Americas,6.13,democracy,4,3,81,82,yes,-1,-1,doesnt apply,,69.44,10581.936,0.759,07.02.21,7,February,7_February,2021,decrease,,,,,,no,2021-01-31T23:00Z,,1.61E+12,strigent_lower_same,"M24.2,26.1c-5.5-0.6-11-1.2-16.5-1.8c0.8-7.7,1.5-15.5,2.3-23C15.5,1.7,21,2,26.6,2.5C26.1,10.7,25.4,19,24.2,26.1z","M24.5,28.1c-6.1,0.3-12.3,1.4-18.1,3.2C5.6,23.1,3.9,14.9,1.2,7.4c6.1-0.8,12.2-1.9,18.6-2.9C21.3,12.7,22.8,20.8,24.5,28.1z M6.4,12.2c0.8,0.9,1.7,1.7,2.7,2.4c0.6-1.8,1.3-3.5,2.3-5.2 M13.5,12.4c1.2-0.3,2.3-0.6,3.5-0.9 M16.2,22.1c1.2,0.1,2.4-0.2,3.4-0.8",4,4
El Salvador,SLV,SLV2021parliamentary,,,,,,,,,,,,,February,no,2021,February 2021,,,,,yes,,,,,,,28,,28_February,28_February_SLV_2021,parliamentary,parliamentary,Americas,5.9,hybrid regime,11,12,45,48,,-3,-3,no,,46.3,7292.458,0.673,28.02.21,28,February,28_February,2021,decrease,,,,,,no,2021-01-31T23:00Z,,1.61E+12,notstrigent_lower_same,"M22.1,30L1.8,30.2C1,20.7,1.2,11.2,2.3,1.7C8.9,1,15.6,1.1,22.2,2C23,11.3,23,20.7,22.1,30z M13.1,10.7c2.2,0.2,4.3,0.2,6.5,0.1 M13.1,20.9l7.1-0.4 M5.9,9.6c0.9,1.2,1.5,2.6,1.9,4c1.3-2.6,3.1-5,5.3-6.9",,1,1
Niger,NER,NER2021presedential,,,,,,,,,,,,,February,no,2021,February 2021,,,,,yes,,,,,,,21,,21_February,21_February_NER_2021,presedential,presedential,Africa,4.1,hybrid regime,10,14,63,60,,3,3,doesnt apply,second round,34.26,926,0.394,21.02.21,21,February,21_February,2021,increase,,,,,,no,2021-01-31T23:00Z,,1.61E+12,notstrigent_higher,"M24.9,32L2.4,31.4c-1.1-10-1.5-20.1-1.1-30.2c7.8,0.1,15.5,0.3,23.4,1C25.1,12.2,24.9,22.3,24.9,32z M14.8,11.4c2.4-0.2,4.8-0.3,7.2-0.3 M14.9,21.9c2.6-0.2,5.1-0.3,7.7-0.1 M5.7,9.6l2.7,3.7c1.3-2.5,3-4.7,5-6.6",,3,3
Kazakhstan,KAZ,KAZ2021parliamentary,,,,,,,,,,,,,January,no,2021,January 2021,,,,,yes,,,,,,,10,,10_January,10_January_KAZ_2021,parliamentary,parliamentary,Asia-Pacific,3.14,authoritarian regime,10,4,63,77,,-14,-14,doesnt apply,,68.52,24055.588,0.825,10.01.21,10,January,10_January,2021,decrease,,,,,,no,2020-12-31T23:00Z,,1.61E+12,strigent_lower_same,"M22.5,30.1L1.3,29.8C1.5,20.2,1.6,10.9,2,2.1c6.9-1.1,13.9-1,20.7,0.4C23.1,11.9,22.9,21.4,22.5,30.1z M13.2,12.2h6.3 M13.8,21.1l5.6-0.1 M6.6,10.1l1.5,3c0.9-2.4,2.2-4.5,4.1-6.2",,1,1
Portugal,PRT,PRT2021presedential,,,,,,,,,,,,,January,no,2021,January 2021,,,,,yes,,,,,,,24,,24_January,24_January_PRT_2021,presedential,presedential,Europe,7.9,democracy,1,6,39,49,,-10,-10,yes,,87.96,27936.896,0.864,24.01.21,24,January,24_January,2021,decrease,,,,,,no,2020-12-31T23:00Z,,1.61E+12,strigent_lower_same,"M22.7,30C15.9,30.1,9,29.9,2.2,29.5C1.8,20,1.6,10.6,1.8,1.5c7,0,14.1,0,21.5,0C23.6,11,23.4,20.5,22.7,30z M13,11.2l7.4-0.2 M13.2,21.2l7.3-0.5 M5.7,9.6c0.3,1.3,0.8,2.5,1.6,3.6c0.1,0.1,0.2,0.2,0.3,0.2c0.2,0,0.3-0.1,0.4-0.3c1.3-2.2,2.8-4.2,4.6-6",,3,3
Kyrgyzstan,KGZ,KGZ2021presedential,,,,,,,,,,,,,January,no,2021,January 2021,,,,,yes,,,,,,,10,no,10_January,10_January_KGZ_2021,presedential,presedential,Asia-Pacific,4.21,hybrid regime,8,13,39,56,,-17,-17,doesnt apply,,41.67,3393.474,0.697,10.01.21,10,January,10_January,2021,decrease,,,,,,no,2020-12-31T23:00Z,,1.61E+12,notstrigent_lower_same,"M23.7,32.6l-21-0.4C1.9,21.6,1.6,11.4,1.8,1.9c7.4-0.7,14.8-0.8,22.1-0.1C24.7,12.1,24.7,22.4,23.7,32.6z M15.9,12.8l5.6-0.4 M15.9,22.8l5,0.1 M7.1,11.7c0.9,1.1,1.4,2.4,1.6,3.8c0.5-2.5,1.8-4.8,3.8-6.3c0.4-0.4,1-0.6,1.6-0.6",,2,2
Uganda,UGA,UGA2021both,,,,,,,,,,,,,January,no,2021,January 2021,,,,,yes,,,,,,,14,,12_January,12_January_UGA_2021,presedential,both,Africa,4.94,hybrid regime,12,14,59,68,,-9,-9,yes,turnout for pres,51.85,1697.707,0.544,12.01.21,12,January,12_January,2021,decrease,,,,,,no,2020-12-31T23:00Z,,1.61E+12,strigent_lower_same,"M22.6,30.2c-5.9-1.2-11.9-1.9-17.9-2C5.1,19.3,6,10.8,7.5,2.4c5.9,0.6,11.7,1.6,17.1,3.3C24.2,13.7,23.5,21.6,22.6,30.2z","M22.4,31.2C16.3,32.5,10,33,3.7,32.7C2.6,24.1,2.3,15.4,2.7,7c6-1.2,12.2-1.4,18-0.4C21,14.9,21.3,23.2,22.4,31.2z M4.8,13.4c0.6,0.9,1.2,1.7,1.9,2.6c0.1,0.2,0.3,0.4,0.5,0.3c0.2,0,0.4-0.2,0.5-0.4c0.9-1.7,1.7-3.4,2.6-5 M4.8,13.4c0.6,0.9,1.2,1.7,1.9,2.6c0.1,0.2,0.3,0.4,0.5,0.3c0.2,0,0.4-0.2,0.5-0.4c0.9-1.7,1.7-3.4,2.6-5 M14.6,23.6c1.3-0.4,2.6-0.7,3.9-0.8",4,4
Croatia,HRV,HRV2020parliamentary,,,,,,"proxy voting, mobile ballot box",yes,,,,yes,,July,no,2020,July 2020,,,,yes,yes,some,,,,,,5,,5_July,5_July_HRV_2020,parliamentary,parliamentary,Europe,6.5,democracy,1,3,47,53,,-6,-6,yes,,54.63,22669.797,0.851,05.07.20,5,July,5_July,2020,decrease,,,,,,yes,2020-06-30T22:00Z,,1.59E+12,strigent_lower_same,"M22.4,29.9L1.4,30C0.8,20.4,1.1,10.8,2.3,1.3c6.9,0.1,13.8,0.2,20.8,0.7C22.6,11.6,22.3,21.2,22.4,29.9z M14.4,11c2-0.1,3.9,0,5.9,0.1 M14.2,21.7c1.8,0.1,3.7,0.1,5.5-0.1 M5.2,10.4l2.4,3.2c1.1-2.3,2.5-4.4,4.2-6.3",,5,7
Singapore,SGP,SGP2020parliamentary,,,,,,mobile ballot box,yes,,,,,,July,no,2020,July 2020,,,,yes,yes,some,,,,,,10,,10_July,10_July_SGP_2020,parliamentary,parliamentary,Asia-Pacific,6.03,democracy,3,6,96,94,yes,2,2,yes,,50.93,85535.383,0.938,10.07.20,10,July,10_July,2020,increase,,,,,,yes,2020-06-30T22:00Z,,1.59E+12,stringent_higher,"M23.2,30.5L1.3,30.7C1.1,20.5,1.2,10.8,1.7,1.6c7.1-0.5,14.2-0.1,21.3,1.1C22.8,11.7,22.8,20.8,23.2,30.5z M11.5,12c2.6-0.4,5.2-0.7,7.8-0.7 M12.5,21.9c2.4,0.2,4.9,0.1,7.3-0.3 M4.6,9.7l1.9,2.9c1.1-2.5,2.7-4.9,4.5-6.9",,6,6
Slovenia,SVN,SVN2021referendum,,,,,,,,,,,,,July,no,2021,July 2021,,,,,yes,,,,,,,11,,11_July,11_July_SVN_2021,referendum,referendum,Europe,7.54,democracy,4,7,46,,,,,doesnt apply,,35.19,31400.84,0.917,11.07.21,11,July,11_July,2021,unknown,,,,,,no,2021-06-30T22:00Z,,1.63E+12,notstrigent_lower_same,"M21.3,30.5C15,30,8.7,30.1,2.4,30.6c-0.7-9.8-1-19.4-1.2-28.7c7.3-0.7,14.6-0.6,21.9,0.3C22.7,11.7,22.3,21.2,21.3,30.5z M12.2,11.4c2.1,0.4,4.3,0.5,6.4,0.4 M12.4,20.9l6.1-0.5 M4.1,11.5c1.4,1,2.5,2.4,3.2,4c-0.2-1.7,0-3.5,0.7-5.1c0.5-1.4,1.7-2.5,3.1-3",,2,2
Moldova,MDA,MDA2021parliamentary,,,,,,,,,,,,,July,no,2021,July 2021,,,,,yes,,,,,,,11,,11_July,11_July_MDA_2021,parliamentary,parliamentary,Europe,5.78,hybrid regime,8,15,48,52,,4,4,yes,,56.48,5189.972,0.75,11.07.21,11,July,11_July,2021,increase,,,,,,no,2021-06-30T22:00Z,,1.63E+12,stringent_higher,"M23.8,30.9c-7-1.4-14.2-1.6-21.2-0.6c-0.3-10-0.7-19.7-1.3-29.1c7.4,1,15,1.1,22.4,0.1C23.4,10.7,23.4,20.1,23.8,30.9z M13.9,9.9l6.1-0.2 M13.7,19.5c2.1,0.2,4.3,0.1,6.4-0.2 M4.4,10.5L6.5,12c0.2,0.1,0.4,0.2,0.6,0.2c0.2,0,0.3-0.1,0.5-0.3c1.5-1.4,2.7-3.1,3.6-4.9",,1,1
Kiribati,KIR,KIR2020presedential,,,,,,,,,,,,,June,no,2020,June 2020,,,,yes,yes,,,,,,,22,,22_June,22_June_KIR_2020,presedential,presedential,Asia-Pacific,,unclassified,2,11,79,83,,-4,-4,yes,,,,,,,,,,decrease,,,,,,no,2020-05-31T22:00Z,,1.59E+12,unknown,"M21.1,30.7L1.7,30.4C1.3,20.7,1.4,10.9,2,1.2c7,0,13.9,0.1,20.7,0.2C22.1,11.4,21.5,21.3,21.1,30.7z M13.4,11.6l5.6,0.1 M13.5,23.1H19 M5,10.2l2,3.6c0.6-2.5,2.1-4.8,4.2-6.3",,4,4
Iceland,ISL,ISL2020presedential,,,,,,"early voting, postal voting, mobile ballot box, polling station arrangement",yes,yes,yes,yes,,,June,no,2020,June 2020,,,,yes,yes,,,,,,,27,,27_June,27_June_ISL_2020,presedential,presedential,Europe,9.37,democracy,2,4,67,76,,-9,-9,yes,,39.81,46482.958,0.949,27.06.20,27,June,27_June,2020,decrease,,,,,,yes,2020-05-31T22:00Z,,1.59E+12,notstrigent_lower_same,"M21.9,31.1c-6.8,0.8-13.7,0.8-20.5,0.2C0.8,21.3,1,11.3,2.1,1.4c6.7-0.6,13.4-0.2,20,0.9C22.5,11.9,22.4,21.5,21.9,31.1z M13.2,11.1h5.9 M13.7,22.2l6-0.3 M6.1,8.9l1.2,4.3c1.3-2.6,3.4-4.6,5.9-6",,3,3
Mongolia,MNG,MNG2020parliamentary,,,,,,mobile ballot box,yes,,,,,,June,no,2020,June 2020,,,,yes,yes,some,,,,,,24,,24_June,24_June_MNG_2020,parliamentary,parliamentary,Asia-Pacific,6.48,democracy,2,5,74,74,,0,0,yes,,71.3,11840.846,0.737,24.06.20,24,June,24_June,2020,same,,,,,,yes,2020-05-31T22:00Z,,1.59E+12,strigent_lower_same,"M22.7,31.7c-6.9-1.2-13.9-1.6-20.9-1.2C2.1,20.7,1.8,11,1,1.2c7.5,0.2,14.9,0.2,22.2,0.3C22.8,11.6,22.5,21.6,22.7,31.7z M13,11.7c2.3-0.3,4.7-0.5,7-0.4 M13.5,22.6h6.1 M4.8,10.9c1.5,0.4,2.7,1.4,3.3,2.8c0.2-1.8,1-3.5,2.2-4.8",,6,6
Malawi,MWI,MWI2020presedential,,,,,,,yes,,,,,,June,no,2020,June 2020,,,,yes,yes,,,,,,,23,,23_June,23_June_MWI_2020,presedential,presedential,Africa,5.74,hybrid regime,10,13,65,74,,-9,-9,no,,60.19,1095.042,0.483,23.06.20,23,June,23_June,2020,decrease,,,,,,no,2020-05-31T22:00Z,,1.59E+12,strigent_lower_same,"M21.2,31.6c-6.8-0.4-13.7-0.5-20.6,0C1.3,21,1.3,11,1.1,1.1c7.1,0.1,14.3,0.1,21.4,0.5C21.9,11.7,21.3,21.8,21.2,31.6z M13.7,11.1l6,0.3 M14.2,21c2-0.1,4,0,6,0.2 M4.3,10.5L6.4,12c0.2,0.1,0.4,0.2,0.6,0.2s0.3-0.1,0.5-0.3c1.5-1.4,2.7-3,3.6-4.9",,5,5
Anguilla,AIA,AIA2020parliamentary,,,,,,,,,,,,,June,no,2020,June 2020,,,,yes,yes,,,,,,,29,,29_June,29_June_AIA_2020,parliamentary,parliamentary,Americas,,unclassified,4,11,61,73,,-12,-12,no,,,,,,,,,,decrease,,,,,,no,2020-05-31T22:00Z,,1.59E+12,unknown,"M20.2,30.1c-6.1-0.8-12.3-0.8-18.5,0C1.3,20.4,1.3,10.9,1.4,1.3c7.2,0.1,14.4,0.2,21.4,0.8C21.7,11.6,20.8,21.1,20.2,30.1z M13.2,11.1l6.4-0.4 M12.9,22.9l4.8,0.2 M4.5,8.4c0.3,1.8,1,3.5,2.2,4.8c0.4-2.7,1.9-5.2,4-7",,2,2
Saint Kitts and Nevis,KNA,KNA2020parliamentary,,,,,,,,,,,,,June,no,2020,June 2020,,,,yes,yes,,,,,,,6,,6_June,6_June_KNA_2020,parliamentary,parliamentary,Americas,,unclassified,5,12,58,72,,-14,-14,yes,,,24654.385,0.779,06.06.20,6,June,6_June,2020,decrease,,,,,,no,2020-05-31T22:00Z,,1.59E+12,notstrigent_lower_same,"M22.8,29.4c-6.8,0.4-13.7,0.4-20.5,0C1.1,20.1,1,10.8,1.8,1.4c7,0.1,14,0.3,21,0.7C22.2,11.2,22.3,20.3,22.8,29.4z M12.3,12.2c2.1-0.3,4.3-0.6,6.5-0.7 M12.7,20.8l7.1-0.1 M5,10.6l2,2.7c0.8-2,1.8-3.9,2.9-5.8",,7,7
Algeria,DZA,DZA2021parliamentary,,,,,,,,,,,,,June,no,2021,June 2021,,,,,yes,,,,,,,12,,12_June,12_June_DZA_2021,parliamentary,parliamentary,Africa,3.77,authoritarian regime,9,2,23,37,,-14,-14,yes,,50.46,13913.839,0.748,12.06.21,12,June,12_June,2021,decrease,,,,,,no,2021-05-31T22:00Z,,1.62E+12,strigent_lower_same,"M21.5,31.8c-6.7,0.1-13.3-0.1-20-0.3C1,21.3,1.1,11.2,1.5,1.4c6.8-0.1,13.7-0.1,20.8,0.2C22.4,11.9,22.2,22.1,21.5,31.8z M14.6,11.1l4.7-0.5 M14.6,21.2c1.7-0.1,3.3-0.1,5,0 M4.8,9.2c0.7,1.3,1.3,2.6,1.8,4c0.5-2.4,1.8-4.5,3.7-6",,2,2
Iran,IRN,IRN2021presedential,,,,,,,,,,,,,June,no,2021,June 2021,,,,,yes,,,,,,,18,,18_June,18_June_IRN_2021,presedential,presedential,Middle East,2.2,authoritarian regime,8,4,48,73,,-25,-25,doesnt apply,second round,74.54,19082.62,0.783,18.06.21,18,June,18_June,2021,decrease,,,,,,no,2021-05-31T22:00Z,,1.62E+12,strigent_lower_same,"M23.7,33.1c-7.2-0.6-14.3-0.9-21.5-0.7C3.3,22,3,11.6,1.3,1.4c7.6,0,15.3-0.1,22.6,0.3C23.1,12.1,23,22.6,23.7,33.1z M14.1,12.4c2.2,0.1,4.4,0,6.6-0.3 M14.1,22.9c2-0.3,4-0.4,6-0.3 M6.9,9.7c0.6,1.7,1.3,3.2,2.2,4.7c-0.1-2.7,1.2-5.3,3.5-6.8",,4,4
Mongolia,MNG,MNG2021presedential,,,,,,,,,,,,,June,no,2021,June 2021,,,,,yes,,,,,,,9,,9_June,9_June_MNG_2021,presedential,presedential,Asia-Pacific,6.48,democracy,3,5,59,61,,-2,-2,doesnt apply,,53.7,11840.846,0.737,09.06.21,9,June,9_June,2021,decrease,,,,,,no,2021-05-31T22:00Z,,1.62E+12,strigent_lower_same,"M23,30.3C16,29.5,8.8,29.2,1.7,29.4c0.2-9.4,0.3-19-0.2-27.9c6.9-0.1,13.9-0.2,21-0.1C23.2,11,23.4,20.6,23,30.3z M13.4,12.4c2.1,0.2,4.3,0.1,6.4-0 M14,22.7c2-0.2,4-0.3,6-0.1 M5.6,10.8l2.1,3.8c0.7-2.5,1.9-4.9,3.7-6.9",,6,6
Switzerland,CHE,CHE2021referendum,,,,,,,,,,,,,June,no,2021,June 2021,,,,,yes,,,,,,,13,,13_June,13_June_CHE_2021,referendum,referendum,Europe,8.83,democracy,1,7,59,,,,,,,48.15,57410.166,0.955,13.06.21,13,June,13_June,2021,unknown,,,,,,no,2021-05-31T22:00Z,,1.62E+12,notstrigent_lower_same,"M23.3,31C16.2,31,9,30.8,1.8,30.2C1.2,20.7,1.3,11.2,2,1.7c7.1-0.1,14.2,0.3,21.2,1C24.1,12.1,24.1,21.6,23.3,31z M12.7,12.3c2.8-0.4,5.6-0.6,8.5-0.5 M13.5,21.3l7.2,0.2 M5.9,10.7l1.9,3.4l3.6-7.6",,7,7
Armenia,ARM,ARM2021parliamentary,,,,,,,,,,,,,June,no,2021,June 2021,,,,,yes,,,,,,,20,,20_June,20_June_ARM_2021,parliamentary,parliamentary,Europe,5.35,hybrid regime,8,12,49,49,,0,0,yes,as scheduled earlier in 2021 because of the crisis,,8787.58,0.776,20.06.21,20,June,20_June,2021,same,,,,,,no,2021-05-31T22:00Z,,1.62E+12,notstrigent_lower_same,"M23.2,31.2L2.1,31.5c-0.6-10-0.6-19.9,0-29.9c1.6-0.3,3.3-0.4,5-0.3c5.6,0.2,11.1,0.3,16.7,0.9C24.4,11.9,24.2,21.5,23.2,31.2z M14.4,11l5.8-0.1 M15.1,21.4l6.8-0.2 M5.2,9.9c1.3,0.9,2.5,1.9,3.5,3.2c0.7-2.4,1.7-4.6,3.1-6.7",,3,3
Mexico,MEX,MEX2021parliamentary,,,,,,,,,,,,,June,no,2021,June 2021,,,,,yes,,,,,,,6,,6_June,6_June_MEX_2021,parliamentary,parliamentary,Americas,6.07,hybrid regime,11,13,53,63,yes,-10,-10,yes,,44.44,17336.469,0.779,06.06.21,6,June,6_June,2021,decrease,,,,,,no,2021-05-31T22:00Z,,1.62E+12,notstrigent_lower_same,"M22.6,30.9c-7.1,0-14.2-0.2-21.2-0.5c0-9.6,0.2-19.2,0-28.7c7-0.4,14.1-0.5,21.1-0.1C22.6,11.6,22.5,21.6,22.6,30.9z M13.9,10.9l5.2,0.1 M13.1,21.5l5.6,0.1 M4.8,10.5l1.7,3.2c0.1,0.2,0.2,0.4,0.4,0.4s0.3-0.2,0.3-0.3l4.7-9",,5,5
Mali,MLI,MLI2020parliamentary,,,,,,,,,,,,,March,no,2020,March 2020,,,,yes,yes,some,,,,,,29,,29_March,29_March_MLI_2020,parliamentary,parliamentary,Africa,3.93,authoritarian regime,8,5,36,39,,-3,-3,yes,,75,2014.306,0.434,29.03.20,29,March,29_March,2020,decrease,,,,,,no,2020-02-29T23:00Z,,1.58E+12,strigent_lower_same,"M22.6,30.6c-6.8,0.7-13.6,0.7-20.4,0C0.9,20.9,0.7,11.1,1.6,1.4C8.7,1.2,15.9,1.4,23.1,2C22.5,11.6,22,21.2,22.6,30.6z M12.8,12.2h6.3 M13.1,23.8c2-0.1,3.9,0,5.9,0.3 M4.3,11c1,0.6,1.8,1.6,2.2,2.7c0.3-1.2,0.7-2.3,1.3-3.4c0.6-1.1,1.6-1.9,2.7-2.2",,3,3
Tajikistan,TJK,TJK2020parliamentary,,,,,,,,,,,,,March,no,2020,March 2020,,,,yes,yes,,,,,,,1,no,1_March,1_March_TJK_2020,parliamentary,parliamentary,Asia-Pacific,1.94,authoritarian regime,10,5,86,82,,4,4,yes,,,,,,,,,,increase,,,,,,no,2020-02-29T23:00Z,,1.58E+12,unknown,"M21.9,30.2l-20.2-1C1,19.9,1,10.5,1.7,1.2C8.8,1.7,16,2,23,2.1C22.8,11.7,22.2,21.2,21.9,30.2z M13,10.7c2.1-0.4,4.2-0.6,6.3-0.6 M13.4,19.1c2,0.4,4,0.5,6,0.2 M4.7,9.9l2.6,3c0.8-2.4,2.2-4.5,4.2-6",,4,4
Guinea,GIN,GIN2020parliamentary,,,,,,,,,,,,,March,no,2020,March 2020,,,,yes,yes,some,,,,,,22,no,22_March,22_March_GIN_2020,parliamentary,parliamentary,Africa,3.08,authoritarian regime,11,3,58,63,,-5,-5,yes,also referendum,25,1998.926,0.477,22.03.20,22,March,22_March,2020,decrease,,,,,,no,2020-02-29T23:00Z,,1.58E+12,notstrigent_lower_same,"M22.2,30.7c-6.7-1.8-13.7-2-20.4-0.8c0.6-9.9-0.2-19.3-0.5-28.7C8.5,1.6,15.8,1.7,23,1.7c-0.9,4.7-1.6,9.5-2,14.3C20.6,20.9,20.9,25.9,22.2,30.7z M13,11.6c1.6-0.4,3.3-0.6,4.9-0.6 M12.4,20.9c1.6-0.2,3.2-0.3,4.8-0.2 M4.9,9.2L7,13.1c0.8-2.4,2.3-4.6,4.2-6.3",,1,1
Guyana,GUY,GUY2020both,,,,,,,,,,,,,March,no,2020,March 2020,,,,yes,yes,,,,,,,2,,2_March,2_March_GUY_2020,parliamentary,both,Americas,6.01,democracy,1,4,73,72,,1,1,no,,,,,,,,,,increase,,,,,,no,2020-02-29T23:00Z,,1.58E+12,unknown,"M19.3,30.7C13.8,29,8.4,27,3.1,24.7c1.9-8.5,4.5-16.4,7.4-23.6c5.6,1.6,11.2,3.2,16.7,5.5c-1.1,4.9-2.4,9.7-4,14.4C22.2,24.5,20.9,28,19.3,30.7z","M21,31.8c-6,0.6-11.9,1-17.9,1C1.9,23.7,1.4,15.1,1.2,6.8c5.5-0.7,11-1,16.6-0.6C19.5,14.7,20.2,23.4,21,31.8z M3.8,13.8c0.9,0.8,1.7,1.6,2.6,2.5c0.1,0.1,0.2,0.2,0.3,0.1c0.1,0,0.1-0.1,0.2-0.2c0.9-1.7,1.7-3.4,2.6-5.1 M12.5,13.5c1.3-0.2,2.5-0.4,3.8-0.6 M12.4,24.2c1.6-0.3,3.1-0.7,4.7-1",6,6
Israel,ISR,ISR2020parliamentary,,,,,,"early voting, polling station arrangement",,yes,yes,,,,March,no,2020,March 2020,,,,yes,yes,,,,,,,2,,2_March,2_March_ISR_2020,parliamentary,parliamentary,Asia-Pacific,7.84,democracy,3,4,72,70,,2,2,yes,,19.44,33132.32,0.919,02.03.20,2,March,2_March,2020,increase,,,,,,yes,2020-02-29T23:00Z,,1.58E+12,notstrigent_higher,"M22.6,30.9c-7.1,0-14.2-0.2-21.2-0.5c0-9.6,0.2-19.2,0-28.7c7-0.4,14.1-0.5,21.1-0.1C22.6,11.6,22.5,21.6,22.6,30.9z M13.9,10.9l5.2,0.1 M13.1,21.5l5.6,0.1 M4.8,10.5l1.7,3.2c0.1,0.2,0.2,0.4,0.4,0.4s0.3-0.2,0.3-0.3l4.7-9",,2,2
Vanuatu,VUT,VUT2020parliamentary,,,,,,,,,,,,,March,no,2020,March 2020,,,,yes,yes,,,,,,,19,,19_March,19_March_VUT_2020,parliamentary,parliamentary,Asia-Pacific,,unclassified,2,13,51,56,,-5,-5,no,,,,,,,,,,decrease,,,,,,no,2020-02-29T23:00Z,,1.58E+12,unknown,"M23.4,30.1c-7.1-0.4-14.3-0.6-21.4-0.4C1.2,20.2,1,10.7,1.4,1.3c7.1,0,14.3,0.1,21.3,0.5C24.1,11.1,24.3,20.6,23.4,30.1z M13.8,9.7l6.8-0.1 M13.9,21.5c2.2-0.4,4.4-0.5,6.7-0.3 M4.5,9.1c0.9,1.1,1.7,2.3,2.4,3.5c0.6-2.4,1.9-4.5,3.8-6.1",,5,5
Congo,COG,COG2021presedential,,,,,,,,,,,,,March,no,2021,March 2021,,,,,yes,,,,,,,21,,21_March,21_March_COG_2021,presedential,presedential,Africa,3.11,authoritarian regime,9,3,67,69,,-2,-2,yes,,47.22,4881.406,0.574,21.03.21,21,March,21_March,2021,decrease,,,,,,no,2021-02-28T23:00Z,,1.61E+12,notstrigent_lower_same,"M22.9,29.2L2,29c0-9.7-0.2-18.9-0.9-27.9c7,0,13.9,0.1,21,0.3C22.5,11,22.4,20.5,22.9,29.2z M14.1,11.1c1.9,0,3.7,0,5.6-0.1 M14.2,21.5h5.3 M5.1,10.4c0.7,1.2,1.5,2.2,2.5,3.2l3.4-6.3",,1,1
Israel,ISR,ISR2021parliamentary,,,,,,,,,,,,,March,no,2021,March 2021,,,,,yes,,,,,,,23,,23_March,23_March_ISR_2021,parliamentary,parliamentary,Asia-Pacific,7.84,democracy,4,4,67,72,,-5,-5,yes,,60.19,33132.32,0.919,23.03.21,23,March,23_March,2021,decrease,,,,,,no,2021-02-28T23:00Z,,1.61E+12,strigent_lower_same,"M21.6,29.5C15,29.8,8.4,29.7,1.9,29.2C0.9,20,1.1,10.8,2.3,1.6C9,1.3,15.7,1.3,22.3,1.8C23.5,11,23.2,20.3,21.6,29.5z M13.1,12.5c2.2-0.1,4.4,0,6.6,0.3 M13.5,22.1h6 M5.1,11.3l2.5,2.9c0.9-2.3,2.2-4.5,3.8-6.4",,3,3
Cote d`Ivoire,CIV,CIV2021parliamentary,,,,,,,,,,,,,March,no,2021,March 2021,,,,,yes,,,,,,,6,,6_March,6_March_CIV_2021,parliamentary,parliamentary,Africa,4.11,hybrid regime,9,12,38,34,,4,4,yes,,25.93,3601.006,0.538,06.03.21,6,March,6_March,2021,increase,,,,,,no,2021-02-28T23:00Z,,1.61E+12,notstrigent_higher,"M21.6,30.5L1.8,30.4c-0.2-10-0.3-19.6-0.5-29c7.1,0.1,14.2,0.2,21.2,0.8C20.8,11.7,20.2,21.5,21.6,30.5z M12.1,11.7c1.8-0.2,3.6-0.3,5.5-0.3 M12.8,21.7c1.9-0.2,3.8-0.3,5.6-0.1 M4.1,10.4l2.4,2.8c0.9-2.2,2-4.4,3.2-6.4",,2,2
Burundi,BDI,BDI2020both,,,,,,,,,,,,,May,no,2020,May 2020,,,,yes,yes,some,,,,,,20,,20_May,20_May_BDI_2020,presedential,both,Africa,2.14,authoritarian regime,12,2,88,73,,15,15,yes,,13.89,702.225,0.433,20.05.20,20,May,20_May,2020,increase,,,,,,no,2020-04-30T22:00Z,,1.59E+12,notstrigent_higher,"M23.2,31.3c-5.3-1-10.6-2.7-15.6-5.1c1.2-8.6,3-17.2,5-25.2c5.5,0.9,11,2.5,16.1,5.2C26.7,14.7,24.6,23.1,23.2,31.3z","M21.1,29.8C15.5,30,9.9,30.5,4.3,31.5c-0.8-8.4-1.7-16.9-3-24.8c5.4-0.9,10.8-1.8,16.4-2.6C19.3,12.8,20.5,21.5,21.1,29.8z M11.4,14.1c1.6-0.1,3.2-0.4,4.8-0.8 M13.2,23.8c1.5-0.4,3.1-0.7,4.7-0.8 M5.5,14.5c0.7,1,1.4,2.1,2,3.1c0.3-2.3,1-4.6,2.2-6.5",3,3
Suriname,SUR,SUR2020parliamentary,,,,,,mobile ballot box,,,,,,,May,no,2020,May 2020,,,,yes,yes,,,,,,,25,,25_May,25_May_SUR_2020,parliamentary,parliamentary,Americas,6.82,democracy,5,6,72,75,,-3,-3,no,,70.37,13767.119,0.738,25.05.20,25,May,25_May,2020,decrease,,,,,,yes,2020-04-30T22:00Z,,1.59E+12,strigent_lower_same,"M23.7,30.4C16.6,30.7,9.5,30.6,2.5,30c0-9.4-0.2-19.1-1-28.2C8.8,1.1,16.2,1,23.5,1.5C24.8,11.4,23.9,21.5,23.7,30.4z M13.3,11.5c2.8-0.4,5.7-0.6,8.5-0.5 M14.7,21.5c2.4,0.2,4.8,0.2,7.1,0.1 M6.1,10.8l1.5,2C7.7,12.9,7.8,13,8,13c0.1-0.1,0.1-0.1,0.2-0.2l2.9-6.2",,2,2
Niue,NIU,NIU2020parliamentary,,,,,,,,,,,,,May,no,2020,May 2020,,,,yes,yes,,,,,,,30,,30_May,30_May_NIU_2020,parliamentary,parliamentary,Asia-Pacific,,unclassified,3,12,,,,,,no,,,,,,,,,,unknown,,,,,,no,2020-04-30T22:00Z,,1.59E+12,unknown,"M25.1,30.5L1.8,30.9c-0.5-10.4-0.6-20-0.2-29.3c7.5-0.7,15-0.5,22.4,0.6l0.8,19.1C25,24.6,25.1,27.9,25.1,30.5z M13.6,11.5l6.6-0.6 M14,21l7.9-0.5 M5.6,11.1l1.9,2.4c1.2-2.5,2.6-5,4.2-7.3",,1,1
Vietnam,VNM,VNM2021parliamentary,,,,,,,,,,,,,May,no,2021,May 2021,,,,,yes,,,,,,,23,,23_May,23_May_VNM_2021,parliamentary,parliamentary,Asia-Pacific,2.94,authoritarian regime,8,6,99,99,,0,0,yes,,77.31,6171.884,0.704,23.05.21,23,May,23_May,2021,same,,,,,,no,2021-04-30T22:00Z,,1.62E+12,strigent_lower_same,"M23.8,30.6C16.5,29.7,9,29.4,1.6,29.7c-0.4-9.8-0.4-19.3,0-28.4c7.3,0.2,14.5,0.4,21.6,0.7C22.7,11.6,22.9,21.1,23.8,30.6z M11.6,9.5l7.9-0.2 M12.7,19.4c2,0.2,4.1,0.2,6.2,0 M4.7,9.8c0.9,1,1.7,2.1,2.4,3.2c0.9-2.7,2.4-5.2,4.5-7.2",,2,2
Cyprus,CYP,CYP2021parliamentary,,,,,,,,,,,,,May,no,2021,May 2021,,,,,yes,,,,,,,30,,30_May,23_May_CYP_2021,parliamentary,parliamentary,Europe,7.56,democracy,2,3,66,66,,0,0,yes,,62.96,32415.132,0.887,23.05.21,23,May,23_May,2021,same,,,,,,no,2021-04-30T22:00Z,,1.62E+12,strigent_lower_same,"M21.9,31.1c-6.7-0.5-13.4-0.5-20.2-0.3C2.3,21.1,2,11.3,1,1.6c7.3-0.2,14.5-0.4,21.8-0.3C21.9,11.2,21.6,21.2,21.9,31.1z M13.5,12.3c2.1-0.3,4.3-0.4,6.4-0.2 M13.1,22c2.3,0.3,4.6,0.3,6.9-0.2 M4.5,10.9c0.9,1,1.7,2.2,2.4,3.3C7.2,12,8.3,10,10.1,8.6",,1,1
Netherlands,NLD,NLD2021parliamentary,,,,,,,,,,,,,March,no,2021,May 2021,,,,,yes,,,,,,,17,,17_March,17_March_NLD_2021,parliamentary,parliamentary,Europe,8.96,democracy,4,5,79,82,,-3,-3,yes,,75,48472.545,0.944,17.03.21,17,March,17_March,2021,decrease,,,,,,no,2021-02-28T23:00Z,,1.61E+12,strigent_lower_same,"M21.2,31.6c-6.8-0.4-13.7-0.5-20.6,0C1.3,21,1.3,11,1.1,1.1c7.1,0.1,14.3,0.1,21.4,0.5C21.9,11.7,21.3,21.8,21.2,31.6z M13.7,11.1l6,0.3 M14.2,21c2-0.1,4,0,6,0.2 M4.3,10.5L6.4,12c0.2,0.1,0.4,0.2,0.6,0.2s0.3-0.1,0.5-0.3c1.5-1.4,2.7-3,3.6-4.9",,4,3
Algeria,DZA,DZA2020referendum,,,,,,,,,,,,,November,no,2020,November 2020,,,,yes,yes,,,,,,,1,,1_November,1_November_DZA_2020,referendum,referendum,Africa,3.77,authoritarian regime,9,7,,,,,,,,75,13913.839,0.748,01.11.20,1,November,1_November,2020,unknown,,,,,,no,2020-10-31T23:00Z,,1.60E+12,strigent_lower_same,"M21.2,31.6c-6.8-0.4-13.7-0.5-20.6,0C1.3,21,1.3,11,1.1,1.1c7.1,0.1,14.3,0.1,21.4,0.5C21.9,11.7,21.3,21.8,21.2,31.6z M13.7,11.1l6,0.3 M14.2,21c2-0.1,4,0,6,0.2 M4.3,10.5L6.4,12c0.2,0.1,0.4,0.2,0.6,0.2s0.3-0.1,0.5-0.3c1.5-1.4,2.7-3,3.6-4.9",,1,1
Belize,BLZ,BLZ2020parliamentary,,,,,,proxy voting,,,,,yes,,November,no,2020,November 2020,,,,yes,yes,,,,,,,11,,11_November,11_November_BLZ_2020,parliamentary,parliamentary,Americas,,unclassified,5,11,82,73,,9,9,no,,66.67,7824.362,0.716,11.11.20,11,November,11_November,2020,increase,,,,,,yes,2020-10-31T23:00Z,,1.60E+12,stringent_higher,"M21.2,31.6c-6.8-0.4-13.7-0.5-20.6,0C1.3,21,1.3,11,1.1,1.1c7.1,0.1,14.3,0.1,21.4,0.5C21.9,11.7,21.3,21.8,21.2,31.6z M13.1,11.6c1.9-0.3,3.9-0.4,5.8-0.2 M12.7,22l6.5-0.1 M4.6,11.3c1,0.7,1.7,1.9,2,3.1c0.8-2.2,1.9-4.2,3.2-6.1c0.3-0.6,0.9-1.1,1.6-1.3",,2,2
Jordan,JOR,JOR2020parliamentary,,,,,,polling station arrangement,,,yes,,,,November,no,2020,November 2020,,,,yes,yes,,,,,,,10,,10_November,10_November_JOR_2020,parliamentary,parliamentary,Middle East,3.62,authoritarian regime,9,4,30,36,,-6,-6,doesnt apply,,81.48,8337.49,0.729,10.11.20,10,November,10_November,2020,decrease,,,,,,yes,2020-10-31T23:00Z,,1.60E+12,strigent_lower_same,"M25,30.9C17.4,30.2,9.8,30,2.2,30.2C3.4,20.6,2.9,10.9,1,1.5c8-0.1,16-0.1,24-0.1C24.3,11.2,24.3,21.1,25,30.9z M15,11.5l6.4-0.3 M14.4,21.7c2.4-0.3,4.8-0.4,7.1-0.1 M6.6,10.6l2.6,2.8L11.8,7",,3,3
Moldova,MDA,MDA2020presedential,,,,,,mobile ballot box,yes,,,,,,November,no,2020,November 2020,,,,yes,yes,,,,,,,1,,1_November,1_November_MDA_2020,presedential,presedential,Europe,5.78,hybrid regime,12,13,48,53,,-5,-5,no,,48.15,5189.972,0.75,01.11.20,1,November,1_November,2020,decrease,,,,,,yes,2020-10-31T23:00Z,,1.60E+12,notstrigent_lower_same,"M22.3,31.3C15.8,30.1,9.2,30,2.7,30.9C2.3,21,2,11.4,1.5,2.2c7.8-1,15.7-0.9,23.5,0.3C24,12,23.1,21.6,22.3,31.3z M12.7,11.4l6.6-0.5 M12.7,20.7l6.7,0.1 M5,9.7c0.9,1.1,1.7,2.3,2.4,3.5c0.6-2.4,1.9-4.5,3.8-6.1",,4,4
Myanmar,MMR,MMR2020parliamentary,,,,,,"early voting, mobile ballot box",yes,yes,,,,,November,no,2020,November 2020,,,,yes,yes,some,,,,,,8,,8_November,8_November_MMR_2020,parliamentary,parliamentary,Asia-Pacific,3.04,authoritarian regime,9,5,72,70,,2,2,yes,overthrown later by military,79.63,5591.597,0.583,08.11.20,8,November,8_November,2020,increase,,,,,,yes,2020-10-31T23:00Z,,1.60E+12,stringent_higher,"M22,31.9c-6.9-1-13.8-1.1-20.7-0.5C1.7,21.1,1.5,11,1.3,1.3c7.3-0.1,14.7-0.1,22,0C23.2,11.3,22.5,21.2,22,31.9z M13.6,12.3l6.4-0.6 M13,21.5l7.8,0.2 M5.1,11c0.6,1.3,1.4,2.5,2.2,3.6c1-2.4,2.4-4.6,4-6.7",,5,5
Palau,PLW,PLW2020presedential,,,,,,,,,,,,,November,no,2020,November 2020,,,,yes,yes,,,,,,,3,,3_November,3_November_PLW_2020,presedential,presedential,Asia-Pacific,,unclassified,4,12,48,63,,-15,-15,doesnt apply,,,,,,,,,,decrease,,,,,,no,2020-10-31T23:00Z,,1.60E+12,unknown,"M25.8,32c-8-0.3-16-0.8-23.9-1.4c-0.5-9.8-0.5-19.4-0.1-29c7.7-0.3,15.5,0,23.1,1C26,12.4,26.3,22.2,25.8,32z M14.8,11.3l7.7-0.1 M15.8,23.5l7.5-0.2 M5.6,10.3l1.5,2.9c0.1,0.2,0.3,0.4,0.5,0.4s0.3-0.2,0.4-0.3l3.3-5.7",,6,6
Switzerland,CHE,CHE2020referendum2,,,,,,,,,,,,,November,no,2020,November 2020,,,,yes,yes,,,,,,,29,,29_November,29_November_CHE_2020,referendum,referendum,Europe,8.83,democracy,3,8,47,,,,,doesnt apply,,57.41,57410.166,0.955,29.11.20,29,November,29_November,2020,unknown,,,,,,no,2020-10-31T23:00Z,,1.60E+12,strigent_lower_same,"M23.7,31.9c-7.4-0.6-14.8-0.5-22.1,0.5c0-10.2-0.1-20.5-0.1-30.3C9.2,1.3,17,1.2,24.7,1.7C24.3,11.7,23.9,21.7,23.7,31.9z M12.6,10.8l6,0.2 M12.6,19.7h6 M5.4,10l2.5,3.7c0.6-3,2-5.7,4-8",,7,7
Burkina Faso,BFA,BFA2020both,,,,,,,,,,,,,November,no,2020,November 2020,,,,yes,yes,,,,,,,22,,22_November,22_November_BFA_2020,parliamentary,both,Africa,3.73,authoritarian regime,11,2,51,60,,-9,-9,yes,,22.22,1703.102,0.452,22.11.20,22,November,22_November,2020,decrease,,,,,,no,2020-10-31T23:00Z,,1.60E+12,notstrigent_lower_same,"M22.4,29.8C17,28,11.5,26.4,5.9,25.3C7.8,17,9.9,9,12.2,1.2c5.3,1.1,10.5,2.7,15.2,5.1C25.5,14.1,23.5,21.8,22.4,29.8z","M22.2,28.2c-5.8-0.3-11.7,0.2-17.3,1.8C3,22.1,2.2,14.4,1.7,6.8c5.5-0.3,10.9-1,16.4-1.7C18.4,13,19.6,20.9,22.2,28.2z M5,11.6c0.5,0.8,1.1,1.6,1.8,2.3c0.5-1.6,1.3-3.1,2.2-4.5 M11.5,11.5c1.1-0.2,2.2-0.5,3.3-0.7 M13.8,20.7c1.1,0,2.2-0.2,3.3-0.5",8,8
USA,USA,USA2020both,,,,,,"early voting, postal voting",,yes,,yes,,,November,no,2020,November 2020,,,,yes,yes,,,,,,,3,,3_November,3_November_USA_2020,presedential,both,Americas,7.92,democracy,3,7,67,59,,8,7,both,,62.5,54225.446,0.926,03.11.20,3,November,3_November,2020,increase,,,,,,yes,2020-10-31T23:00Z,,1.60E+12,stringent_higher,"M22.7,30.9c-4.8-1.3-9.5-3.1-14-5.5C8.9,17,10.7,9.2,14,2c5,1.3,9.8,3.3,14.3,6.1C26.9,16,24.8,23.8,22.7,30.9z","M21.9,32.9c-5.8-0.4-11.6-0.8-17.4-1.3C3.2,23.1,3.2,14.6,4,6.6C10,5.8,16,6.1,21.6,8C21.4,16.4,21.3,24.8,21.9,32.9z M6.3,12.3c0.2,1.3,0.7,2.4,1.3,3.5c0.9-2.3,2.5-4.2,4.4-5.4 M14.2,13c1.1-0.3,2.2-0.4,3.3-0.3 M14.7,24.1c1.4,0,2.8,0,4.2,0",9,9
Nicaragua,NIC,NIC2021both,,,,,,,,,,,,,November,no,2021,November 2021,,,,,yes,,,,,,,7,,7_November,7_November_NIC_2021,both,both,Americas,3.6,authoritarian regime,8,7,66,65,,,-1,yes,,,,,,,,,,decrease,,,,0,,no,2021-10-31T23:00Z,,1.63572E+12,unknown,"M22.6,30.2c-5.9-1.2-11.9-1.9-17.9-2C5.1,19.3,6,10.8,7.5,2.4c5.9,0.6,11.7,1.6,17.1,3.3C24.2,13.7,23.5,21.6,22.6,30.2z","M22.4,31.2C16.3,32.5,10,33,3.7,32.7C2.6,24.1,2.3,15.4,2.7,7c6-1.2,12.2-1.4,18-0.4C21,14.9,21.3,23.2,22.4,31.2z M4.8,13.4c0.6,0.9,1.2,1.7,1.9,2.6c0.1,0.2,0.3,0.4,0.5,0.3c0.2,0,0.4-0.2,0.5-0.4c0.9-1.7,1.7-3.4,2.6-5 M4.8,13.4c0.6,0.9,1.2,1.7,1.9,2.6c0.1,0.2,0.3,0.4,0.5,0.3c0.2,0,0.4-0.2,0.5-0.4c0.9-1.7,1.7-3.4,2.6-5 M14.6,23.6c1.3-0.4,2.6-0.7,3.9-0.8",2,2
Bulgaria,BGR,BGR2021both,,,,,,,,,,,,,November,no,2021,November 2021,,,,,yes,,,,,,,14,,14_November,14_November_BGR_2021,both,both,Europe,6.71,democracy,4,9,38,40,,,-2,no,,,,,,,,,,decrease,,,,,,no,2021-10-31T23:00Z,,1.63572E+12,unknown,"M22.7,30.9c-4.8-1.3-9.5-3.1-14-5.5C8.9,17,10.7,9.2,14,2c5,1.3,9.8,3.3,14.3,6.1C26.9,16,24.8,23.8,22.7,30.9z","M21.9,32.9c-5.8-0.4-11.6-0.8-17.4-1.3C3.2,23.1,3.2,14.6,4,6.6C10,5.8,16,6.1,21.6,8C21.4,16.4,21.3,24.8,21.9,32.9z M6.3,12.3c0.2,1.3,0.7,2.4,1.3,3.5c0.9-2.3,2.5-4.2,4.4-5.4 M14.2,13c1.1-0.3,2.2-0.4,3.3-0.3 M14.7,24.1c1.4,0,2.8,0,4.2,0",3,3
Chile,CHL,CHL2021both,,,,,,,,,,,,,November,no,2021,November 2021,,,,,yes,,,,,,,21,,21_November,21_November_CHL_2021,both,both,Americas,8.28,democracy,5,9,47,47,,,,no,,,,,,,,,,unknown,,,,,,no,2021-10-31T23:00Z,,1.63572E+12,unknown,"M24.9,31.4c-6.4-1.5-13-2.3-19.7-2.5c1-9.2,1.7-18.4,2.3-27.6c6.1,1,12.2,1.6,18.3,2.2C25.2,12.7,24.5,22,24.9,31.4z","M24.8,31.3c-6.7,1.3-13.5,2.2-20.3,2.6c-2.2-8.3-3.3-16.5-3-24.6C8,8.2,14.6,7.4,21,6.9C21.3,15.2,22.3,23.4,24.8,31.3z M5.4,14.8c0.5,0.8,1,1.5,1.6,2.3c0.1,0.2,0.4,0.5,0.6,0.4c0.1,0,0.2-0.2,0.3-0.3c1.3-1.8,2.6-3.5,3.8-5.3 M13.7,14.8c1.5-0.2,3-0.3,4.5-0.5 M15.7,25c1.3-0.6,2.8-0.9,4.2-0.8",4,4
Qatar,QAT,QAR2021parliamentary,,,,,,,,,,,,,October,no,2021,October 2021,,,,,yes,,,,,,,2,,2_October,2_October_QAT_2021,parliamentary,parliamentary,Middle East,3.24,authoritarian regime,11,6,63,,,,,doesnt apply,,,,,,,,,,unknown,,,,,,no,2021-09-30T22:00Z,,1.63304E+12,unknown,"M20.8,30.4c-5.9-1.7-12-2.1-18-1.4C1.5,19.8,1.1,10.5,1.4,1.3c7,0.7,14,1,21.1,0.9C22.5,11.6,21.9,21,20.8,30.4z M12.9,10.3c1.9,0.2,3.9,0.2,5.8,0 M13.1,19.4h5.6 M3.6,9.4c0.9,0.8,1.5,1.9,1.8,3c1.5-2.2,3.4-4.1,5.5-5.7",,1,2
Uzbekistan,UZB,UZB2021presedential,,,,,,,,,,,,,October,no,2021,October 2021,,,,,yes,,,,,,,24,,24_October,24_October_UZB_2021,presedential,presedential,Asia-Pacific,2.12,authoritarian regime,12,6,80,88,,,-8,yes,,,,,,,,,,decrease,,,,0,,no,2021-09-30T22:00Z,,1.63304E+12,unknown,"M23.8,30.5c-7.1,1-14.3,1-21.4-0.1C1.2,20.8,1,11,1.9,1.3c7.7,0.1,15.4,0.2,23,0.6C24.6,11.6,24,21.3,23.8,30.5z M15.6,10.9c1.7-0.2,3.3-0.2,5,0 M16,21.2c1.8,0.2,3.5,0.2,5.3,0 M5.2,9.7c0.3,0.9,0.7,1.8,1.2,2.6c0.1,0.2,0.2,0.3,0.4,0.3s0.4-0.2,0.5-0.4c0.4-1.1,1-2.1,1.5-3.1c0.6-1,1.6-1.7,2.7-1.9",,4,4
Czech Republic ,CZE,CZE2021parliamentary,,,,,,,,,,,,,October,no,2021,October 2021,,,,,yes,,,,,,,8,,8_October,8_October_CZE_2021,parliamentary,parliamentary,Europe,7.67,democracy,2,9,65,61,,4,,no,,,,,,,,,,unknown,,,,,,no,2021-09-30T22:00Z,,1.63304E+12,unknown,"M25.2,31c-7.6-0.3-15.2-0.4-22.9-0.2c-0.5-10-0.8-19.9-1-29.6c8.2,0.7,16.3,0.9,24.5,0.6C24.4,11.5,24.1,21.3,25.2,31z M12.7,10.3c2.5-0.2,4.9-0.4,7.4-0.4 M13.8,20.4c2,0.1,3.9-0.1,5.9-0.3 M5.1,9.4c0.9,1.1,1.7,2.3,2.4,3.5c0.6-2.4,1.9-4.5,3.8-6.1",,2,3
Japan,JPN,JPN2021parliamentary,,,,,,,,,,,,,October,no,2021,October 2021,,,,,yes,,,,,,,31,,31_October,31_October_JPN_2021,parliamentary,parliamentary,Asia-Pacific,8.13,democracy,3,9,56,53,,,3,yes,,,,,,,,,,increase,,,,0,,no,2021-09-30T22:00Z,,1.63304E+12,unknown,"M23.7,31.9c-7.4-0.6-14.8-0.5-22.1,0.5c0-10.2-0.1-20.5-0.1-30.3C9.2,1.3,17,1.2,24.7,1.7C24.3,11.7,23.9,21.7,23.7,31.9z M12.6,10.8l6,0.2 M12.6,19.7h6 M5.4,10l2.5,3.7c0.6-3,2-5.7,4-8",,5,5
Tajikistan,TJK,TJK2020presedential,,,,,,,,,,,,,October,no,2020,October 2020,,,,yes,yes,some,,,,,,11,no,11_October,11_October_TJK_2020,presedential,presedential,Asia-Pacific,1.94,authoritarian regime,11,5,85,90,,-5,-5,yes,,42.59,2896.913,0.668,11.10.20,11,October,11_October,2020,decrease,,,,,,no,2020-09-30T22:00Z,,1.60E+12,notstrigent_lower_same,"M23.8,30.5c-7.1,1-14.3,1-21.4-0.1C1.2,20.8,1,11,1.9,1.3c7.7,0.1,15.4,0.2,23,0.6C24.6,11.6,24,21.3,23.8,30.5z M15.6,10.9c1.7-0.2,3.3-0.2,5,0 M16,21.2c1.8,0.2,3.5,0.2,5.3,0 M5.2,9.7c0.3,0.9,0.7,1.8,1.2,2.6c0.1,0.2,0.2,0.3,0.4,0.3s0.4-0.2,0.5-0.4c0.4-1.1,1-2.1,1.5-3.1c0.6-1,1.6-1.7,2.7-1.9",,10,10
Guinea,GIN,GIN2020presedential,,,,,,,,,,,,,October,no,2020,October 2020,,,,yes,yes,,,,,,,18,no,18_October,18_October_GIN_2020,presedential,presedential,Africa,3.08,authoritarian regime,12,3,79,68,,11,11,yes,,43.06,1998.926,0.477,18.10.20,18,October,18_October,2020,increase,,,,,,no,2020-09-30T22:00Z,,1.60E+12,notstrigent_higher,"M22.6,30.9c-7.1,0-14.2-0.2-21.2-0.5c0-9.6,0.2-19.2,0-28.7c7-0.4,14.1-0.5,21.1-0.1C22.6,11.6,22.5,21.6,22.6,30.9z M13.9,10.9l5.2,0.1 M13.1,21.5l5.6,0.1 M4.8,10.5l1.7,3.2c0.1,0.2,0.2,0.4,0.4,0.4s0.3-0.2,0.3-0.3l4.7-9",,7,7
Lithuania,LTU,LTU2020parliamentary,,,,,,"early voting, postal voting, mobile ballot box, polling station arrangement",yes,yes,yes,yes,,,October,no,2020,October 2020,,,,yes,yes,,,,,,,11,,11_October,11_October_LTU_2020,parliamentary,parliamentary,Europe,7.13,democracy,1,5,48,51,,-3,-3,no,,48.61,29524.265,0.882,11.10.20,11,October,11_October,2020,decrease,,,,,,yes,2020-09-30T22:00Z,,1.60E+12,notstrigent_lower_same,"M23.4,30.4L1.7,29.8C1,20.3,1,10.7,1.6,1.2c7,0.5,14.1,0.8,21,1.3C22.8,11.9,23,21.2,23.4,30.4z M12.8,11.5l6.8-0.1 M13.4,22.5c2.2-0.4,4.4-0.5,6.7-0.3 M5.3,10.2c0.9,1.1,1.7,2.3,2.4,3.5c0.6-2.4,1.9-4.5,3.8-6.1",,9,9
Cote d`Ivoire,CIV,CIV2020presedential,,,,,,,,,,,,,October,no,2020,October 2020,,,,yes,yes,,,,,,,31,,31_October,31_October_CIV_2020,presedential,presedential,Africa,4.11,hybrid regime,10,12,54,53,,1,1,doesnt apply,,25,3601.006,0.538,31.10.20,31,October,31_October,2020,increase,,,,,,no,2020-09-30T22:00Z,,1.60E+12,notstrigent_higher,"M21.7,29.9C15,30,8.3,29.9,1.5,29.3C1.3,20.1,1.3,10.7,1.5,1.5c7.1,0.1,14.3-0.1,21.3-0.3C21.9,10.7,21.6,20.3,21.7,29.9z M13.9,11.1l6.1,0.2 M13.8,20.2c2.1,0.3,4.2,0.3,6.2,0 M5.1,9.6c0.5,1.3,1.3,2.4,2.1,3.4c0.9-2.4,2.4-4.5,4.3-6.1",,5,5
Georgia,GEO,GEO2020parliamentary,,,,,,mobile ballot box,yes,,,,,,October,no,2020,October 2020,,,,yes,yes,,,,,,,31,,31_October,31_October_GEO_2020,parliamentary,parliamentary,Europe,5.31,hybrid regime,12,12,56,52,,4,4,yes,,55.56,9745.079,0.812,31.10.20,31,October,31_October,2020,increase,,,,,,yes,2020-09-30T22:00Z,,1.60E+12,stringent_higher,"M20.5,29.9C14.5,30.2,8.4,30,2.4,29.3C1.4,20.2,1.1,11.1,1.5,2C8,1,14.7,1.2,21.1,2.6C22.5,11.7,22.3,20.9,20.5,29.9z M12.9,11.4c1.9-0.1,3.7-0.2,5.6-0.1 M12.9,20.9c2,0.4,4,0.4,6,0 M5,10.4l2.1,2.7c0.8-2,1.7-4.1,3.3-5.6",,6,6
Kyrgyzstan,KGZ,KGZ2020parliamentary,,,,,,mobile ballot box,yes,,,,,,October,no,2020,October 2020,,,,yes,yes,major,,,,,,4,no,4_October,4_October_KGZ_2020,parliamentary,parliamentary,Asia-Pacific,4.21,hybrid regime,9,13,56,57,,-1,-1,yes,,64.35,3393.474,0.697,04.10.20,4,October,4_October,2020,decrease,,,,,,yes,2020-09-30T22:00Z,,1.60E+12,strigent_lower_same,"M24.4,31.5C17,32,9.5,31.8,2.1,30.9C1.4,21.1,1.3,11.1,2,1.3c7.2,0.4,14.5,0.6,21.7,0.9C25,11.9,25.2,21.7,24.4,31.5z M14,12.4l7.2,0.2 M14.9,24.6l7.4-0.1 M5.2,11.6c1.1,1,1.9,2.3,2.5,3.6c0.6-2.9,2.5-5.4,5.1-6.9",,8,8
Tanzania,TZA,TZA2020presedential,,,,,,,,,,,,,October,no,2020,October 2020,,,,yes,yes,some,,,,,,28,,28_October,28_October_TZA_2020,presedential,presedential,Africa,5.1,hybrid regime,11,14,51,67,,-16,-16,yes,,17.59,2683.304,0.529,28.10.20,28,October,28_October,2020,decrease,,,,,,no,2020-09-30T22:00Z,,1.60E+12,notstrigent_lower_same,"M23.8,31.2c-7.1-0.4-14.3-0.5-21.5-0.1c-0.7-10.1-0.9-20-1-29.5c7.9,0,15.9,0,23.6-0.1C23.5,11.3,23.1,21.3,23.8,31.2z M14.6,19.8c1.9-0.4,3.9-0.5,5.8-0.4 M14.2,9.5c2.2,0.2,4.4,0.3,6.5,0.1 M5.2,9.8l1.2,1.9c0.1,0.2,0.3,0.4,0.6,0.5c0.4,0.1,0.8-0.4,1-0.8c0.9-1.8,2.3-3.4,4-4.5",,11,11
Bermuda,BMU,BMU2020parliamentary,,,,,,"early voting, mobile ballot box",yes,yes,,,,,October,no,2020,October 2020,,,,yes,yes,,,,,,,1,,1_October,1_October_BMU_2020,parliamentary,parliamentary,Americas,,unclassified,1,12,61,73,,-12,-12,yes,,,,,,,,,,decrease,,,,,,yes,2020-09-30T22:00Z,,1.60E+12,unknown,"M22.3,32.4c-6.9-1-13.8-1.3-20.7-1.1c-0.5-10-0.5-20.1,0.2-30.1C8.8,1.6,15.9,2,22.6,3C22.5,12.7,22.2,22.4,22.3,32.4z M14.8,12.1c1.5-0.4,3-0.5,4.5-0.3 M14.6,22.9c1.6-0.2,3.2-0.2,4.7,0 M5.6,10.3c0.8,1.3,1.5,2.6,2.1,4c0.8-2.6,2.2-4.9,4.2-6.7",,4,12
Seychelles,SYC,SYC2020both,,,,,,mobile ballot box,yes,,,,,,October,no,2020,October 2020,,,,yes,yes,,,,,,,22,,22_October,22_October_SYC_2020,parliamentary,both,Asia-Pacific,,unclassified,1,13,88,88,,0,-2,both,,31.48,26382.287,0.796,22.10.20,22,October,22_October,2020,decrease,,,,,,yes,2020-09-30T22:00Z,,1.60E+12,notstrigent_lower_same,"M22.7,30.9c-4.8-1.3-9.5-3.1-14-5.5C8.9,17,10.7,9.2,14,2c5,1.3,9.8,3.3,14.3,6.1C26.9,16,24.8,23.8,22.7,30.9z","M21.9,32.9c-5.8-0.4-11.6-0.8-17.4-1.3C3.2,23.1,3.2,14.6,4,6.6C10,5.8,16,6.1,21.6,8C21.4,16.4,21.3,24.8,21.9,32.9z M6.3,12.3c0.2,1.3,0.7,2.4,1.3,3.5c0.9-2.3,2.5-4.2,4.4-5.4 M14.2,13c1.1-0.3,2.2-0.4,3.3-0.3 M14.7,24.1c1.4,0,2.8,0,4.2,0",13,13
Egypt,EGY,EGY2020parliamentary,,,,,,,,,,,,,September,no,2020,September 2020,,,,yes,yes,major,,,,,,8,,8_September,8_September_EGY_2020,parliamentary,parliamentary,Africa,2.93,authoritarian regime,10,3,29,28,yes,1,1,yes,,62.96,10550.206,0.707,08.09.20,8,September,8_September,2020,increase,,,,,,no,2020-08-31T22:00Z,,1.60E+12,stringent_higher,"M20,32.2c-6.2,0.6-12.5,0.2-18.7-1c0-10.1,0.4-20,0.8-29.7c6.8-0.5,13.7-0.2,20.5,1C22.5,12.4,22.5,22.6,20,32.2z M12.3,11.8l6.5,0.2 M12.1,21.6l6.9,0.3 M5.1,10.8c0.3,1.3,0.9,2.5,1.6,3.6c1.1-2,2.5-3.7,4.2-5.1",,4,4
Jamaica,JAM,JAM2020parliamentary,,,,,,"early voting, polling station arrangement",,yes,yes,,,,September,no,2020,September 2020,,,,yes,yes,,,,,,,3,,3_September,3_September_JAM_2020,parliamentary,parliamentary,Americas,7.13,democracy,5,4,38,48,,-10,-10,yes,,78.7,8193.571,0.734,03.09.20,3,September,3_September,2020,decrease,,,,,,yes,2020-08-31T22:00Z,,1.60E+12,strigent_lower_same,"M22.3,30.2c-7-0.8-14-0.8-21-0.2c0.6-9.6,0.6-19.2-0.2-28.8c7.1,1,14.3,1.2,21.4,0.7C22.4,11.5,22.4,21.2,22.3,30.2z M14.2,11.7l5.7,0.2 M13.8,21.1l5.6-0.1 M5.3,10.1l1.7,2c0.1,0.1,0.2,0.2,0.3,0.3c0.3,0.1,0.6-0.3,0.7-0.6c1-1.9,2.5-3.6,4.3-4.8",,5,5
Russia,RUS,RUS2021parliamentary,,,,,,,,,,,,,September,no,2021,September 2021,,,,,yes,,,,,,,19,,19_September,19_September_RUS_2021,parliamentary,parliamentary,Europe,3.31,authoritarian regime,10,6,51,47,,4,4,yes,,57.87,24765.954,0.824,19.09.21,19,September,19_September,2021,increase,,,,,,no,2021-08-31T22:00Z,,1.63E+12,stringent_higher,"M25.2,31c-7.6-0.3-15.2-0.4-22.9-0.2c-0.5-10-0.8-19.9-1-29.6c8.2,0.7,16.3,0.9,24.5,0.6C24.4,11.5,24.1,21.3,25.2,31z M12.7,10.3c2.5-0.2,4.9-0.4,7.4-0.4 M13.8,20.4c2,0.1,3.9-0.1,5.9-0.3 M5.1,9.4c0.9,1.1,1.7,2.3,2.4,3.5c0.6-2.4,1.9-4.5,3.8-6.1",,3,3
Norway,NOR,NOR2021parliamentary,,,,,,,,,,,,,September,no,2021,September 2021,,,,,yes,,,,,,,13,,13_September,13_September_NOR_2021,parliamentary,parliamentary,Europe,9.81,democracy,5,7,77,78,,-1,-1,no,,38.89,64800.057,0.957,13.09.21,13,September,13_September,2021,decrease,,,,,,no,2021-08-31T22:00Z,,1.63E+12,notstrigent_lower_same,"M20.8,30.4c-5.9-1.7-12-2.1-18-1.4C1.5,19.8,1.1,10.5,1.4,1.3c7,0.7,14,1,21.1,0.9C22.5,11.6,21.9,21,20.8,30.4z M12.9,10.3c1.9,0.2,3.9,0.2,5.8,0 M13.1,19.4h5.6 M3.6,9.4c0.9,0.8,1.5,1.9,1.8,3c1.5-2.2,3.4-4.1,5.5-5.7",,2,2
Canada,CAN,CAN2021parliamentary,,,,,,,,,,,,,September,no,2021,September 2021,,,,,yes,,,,,,,20,,20_September,20_September_CAN_2021,parliamentary,parliamentary,Americas,9.24,democracy,1,8,62,68,,6,6,yes,,68.06,44017.591,0.929,20.09.21,20,September,20_September,2021,increase,,,,,,no,2021-08-31T22:00Z,,1.63E+12,stringent_higher,"M23.5,32.2c-7-2.1-14.4-2.6-21.6-1.6C1.8,20.8,1.5,10.9,1.6,1.4c7.5,0,15,0,22.5,0.7C24,12.5,23.9,22.8,23.5,32.2z M12.6,9.4l7.7-0.1 M13.4,19.5c2,0.3,4.1,0.3,6.1,0 M4.4,9c1.1,1,2.1,2.3,2.8,3.6c0.3-2.7,1.7-5.1,4-6.6",,4,4
Iceland,ISL,ISL2021parliamentary,,,,,,,,,,,,,September,no,2021,September 2021,,,,,yes,,,,,,,25,,25_September,25_September_ISL_2021,parliamentary,parliamentary,Europe,9.37,democracy,2,8,80,81,,-1,-1,yes,,32.41,46482.958,0.949,25.09.21,25,September,25_September,2021,decrease,,,,,,no,2021-08-31T22:00Z,,1.63E+12,notstrigent_lower_same,"M23.8,30.5c-7.1,1-14.3,1-21.4-0.1C1.2,20.8,1,11,1.9,1.3c7.7,0.1,15.4,0.2,23,0.6C24.6,11.6,24,21.3,23.8,30.5z M15.6,10.9c1.7-0.2,3.3-0.2,5,0 M16,21.2c1.8,0.2,3.5,0.2,5.3,0 M5.2,9.7c0.3,0.9,0.7,1.8,1.2,2.6c0.1,0.2,0.2,0.3,0.4,0.3s0.4-0.2,0.5-0.4c0.4-1.1,1-2.1,1.5-3.1c0.6-1,1.6-1.7,2.7-1.9",,5,5
Switzerland,CHE,CHE2021referendum2,,,,,,,,,,,,,September,no,2021,September 2021,,,,,yes,,,,,,,26,,26_September,26_September_CHE_2021,referendum,referendum,Europe,8.83,democracy,4,8,52,,,,,doesnt apply,,46.3,57410.166,0.955,26.09.21,26,September,26_September,2021,unknown,,,,,,no,2021-08-31T22:00Z,,1.63E+12,notstrigent_lower_same,"M21.9,30.7C15.1,31,8.2,31,1.4,30.6C1.3,20.7,1.5,10.9,1.6,1.2c7.2,0.1,14.3,0.3,21.3,0.7C22.9,11.5,22.6,21,21.9,30.7z M13.5,11.9c2.2-0.6,4.4-0.8,6.7-0.6 M4.4,10.6c0.9,0.8,1.5,1.9,1.8,3c1.5-2.2,3.4-4.1,5.5-5.7 M14.5,21.5c1.8-0.2,3.7-0.3,5.6-0.2",,6,6
Germany,DEU,DEU2021parliamentary,,,,,,,,,,,,,September,no,2021,September 2021,,,,,yes,,,,,,,26,,26_September,26_September_DEU_2021,parliamentary,parliamentary,Europe,8.67,democracy,5,8,76,76,,,,doesnt apply,,54.63,45229.245,0.947,26.09.21,26,September,26_September,2021,unknown,,,,,,no,2021-08-31T22:00Z,,1.63E+12,strigent_lower_same,"M21.5,31.8c-6.7,0.1-13.3-0.1-20-0.3C1,21.3,1.1,11.2,1.5,1.4c6.8-0.1,13.7-0.1,20.8,0.2C22.4,11.9,22.2,22.1,21.5,31.8z M14.6,21.2c1.7-0.1,3.3-0.1,5,0 M13.5,11.9c2.2-0.6,4.4-0.8,6.7-0.6 M5.5,9.8l2.1,3.9c0.8-2.4,2.3-4.6,4.2-6.3",,7,7
Morocco,MAR,MAR2021parliamentary,,,,,,,,,,,,,September,no,2021,September 2021,,,,,yes,,,,,,,8,,8_September,8_September_MAR_2021,parliamentary,parliamentary,Africa,5.04,hybrid regime,11,15,50,43,,7,7,no,,64.81,7485.013,0.686,08.09.21,8,September,8_September,2021,increase,,,,,,no,2021-08-31T22:00Z,,1.63E+12,stringent_higher,"M24.8,30.5c-7.4,0.7-14.9,0.8-22.4,0.2C1.6,21,1.5,11.3,2.2,1.5c7.4,0.6,14.8,0.9,22,1.3C23.6,12.1,23.8,21.3,24.8,30.5z M13,11.5c2.2,0.1,4.4,0,6.6-0.3 M13.1,21.8h6.6 M5.4,9.8c0.3,1.2,0.7,2.3,1.2,3.4c1-2.5,2.8-4.5,5.1-5.7",,1,1